Begin time,End time,Eclipse type,Greatest eclipse time,EARTH_Position_X,EARTH_Position_Y,EARTH_Position_Z,EARTH_Velocity_X,EARTH_Velocity_Y,EARTH_Velocity_Z,MOON_Position_X,MOON_Position_Y,MOON_Position_Z,MOON_Velocity_X,MOON_Velocity_Y,MOON_Velocity_Z,VENUS_Position_X,VENUS_Position_Y,VENUS_Position_Z,VENUS_Velocity_X,VENUS_Velocity_Y,VENUS_Velocity_Z,SUN_Position_X,SUN_Position_Y,SUN_Position_Z,SUN_Velocity_X,SUN_Velocity_Y,SUN_Velocity_Z
2025 MAR 14 03:59:31,2025 MAR 14 09:59:32,Total,2025 MAR 14 06:28:50,-147760892.1105844,16901935.843808204,-146.4948055446148,-3.867567833182158,-29.695280566389293,0.00282650448345656,-148158315.0984805,16956941.008890692,3035.0271097682416,-4.028975346775474,-30.662594780252256,-0.08733006582230551,-105049459.75106476,22491245.817020163,6370221.036933917,-7.511242010536211,-34.40190827552936,-0.0391240811650011,0.0,0.0,0.0,0.0,0.0,0.0
2025 SEP 07 15:30:13,2025 SEP 07 20:54:31,Total,2025 SEP 07 17:32:48,145540363.75844923,-39231505.57480344,1584.1155721955001,7.266653230969335,28.637697648894836,-0.002932885796841589,145895087.95430458,-39336915.96450922,-1109.835108494386,7.529145423788718,29.66636555753069,0.09507923034739818,-2398338.793242776,107606504.2086748,1616708.220352687,-35.13263057521763,-0.9666218302123146,2.0138757172034176,0.0,0.0,0.0,0.0,0.0,0.0
2026 MAR 03 08:46:22,2026 MAR 03 14:22:26,Total,2026 MAR 03 11:07:31,-141366046.59421113,44797971.0286093,-1884.32338010706,-9.478234369935612,-28.496925077041894,0.0029169389809737822,-141727255.86710864,44922729.869924314,-3324.6347249206156,-9.855865739320063,-29.4547415405772,-0.09216516811331132,105044459.55167373,26730005.58071618,-5693782.941473383,-8.761973349497612,33.78187579723354,0.9696782478911512,0.0,0.0,0.0,0.0,0.0,0.0
2026 AUG 28 01:26:00,2026 AUG 28 07:01:05,Partial,2026 AUG 28 02:36:05,136306271.19236875,-65257522.80406668,3079.8226559720933,12.375273417291064,26.745474194116387,-0.002806131260301825,136654496.3530175,-65434960.904137686,5313.344049245119,12.793998690630946,27.661046791333185,0.08964989388464062,53969982.48897152,-94513214.90554325,-4412518.16078493,30.176128320264464,17.24615678288433,-1.5041851377641473,0.0,0.0,0.0,0.0,0.0,0.0
2027 FEB 20 21:14:37,2027 FEB 21 01:12:21,Penumbral,2027 FEB 20 21:14:37,-130147488.84386398,70294065.24456412,-3614.516991905868,-14.634416308255544,-26.311476777388762,0.0029336988979871137,-130463102.99218303,70473424.8391921,-9576.412277366966,-15.193126012064983,-27.237088972754055,-0.09582242487199899,-78168528.0708064,-74775140.7285816,3482634.460038554,23.96206803712854,-25.47096619089482,-1.7326568641142028,0.0,0.0,0.0,0.0,0.0,0.0
2027 AUG 17 05:27:38,2027 AUG 17 09:01:28,Penumbral,2027 AUG 17 05:27:38,122121868.30100228,-89602987.1033077,4905.832122921944,17.130352715151048,23.89617869882024,-0.0026780756636899383,122444587.38163465,-89847856.61698231,12485.41586034745,17.705681425740735,24.677991052014857,0.08482276215529261,-90242952.97066641,58121593.145816654,6005750.277855888,-19.10311273445799,-29.6147017309196,0.6952141986036331,0.0,0.0,0.0,0.0,0.0,0.0
2028 JAN 12 02:09:45,2028 JAN 12 06:17:34,Partial,2028 JAN 12 03:50:21,-52695499.23819534,137358287.3472719,-8571.172387763858,-28.28460182249369,-10.777223100527246,0.0020601015169652293,-52818079.64980971,137697171.36918172,-1626.7247604057193,-29.299806068393657,-11.170105841965654,-0.09687379114140526,99512495.65022454,42758187.7738961,-5154084.806965681,-13.939062298778904,32.024077160619086,1.2444270407334077,0.0,0.0,0.0,0.0,0.0,0.0
2028 JUL 06 15:46:34,2028 JUL 06 20:54:22,Partial,2028 JUL 06 17:11:43,38576118.63484273,-147117661.6443776,9488.93832013011,28.317671599434934,7.442318434346196,-0.0017486824570691617,38668166.65567181,-147500319.6738503,3664.047037228942,29.298298190787165,7.636535479725859,0.08869952199425102,65241108.645257905,-87100878.06680886,-4961665.581854086,27.797132398795778,20.871224298312477,-1.3169722430964157,0.0,0.0,0.0,0.0,0.0,0.0
2028 DEC 31 14:05:47,2028 DEC 31 19:39:36,Total,2028 DEC 31 16:18:47,-25613983.298371773,144853456.9331197,-9494.159972533584,-29.80565294348753,-5.295357524140069,0.001686841253202065,-25670493.560033485,145227243.9751639,-6490.669047698379,-30.826768887868425,-5.495356602940548,-0.09442669054991115,-65651526.57370642,-86146284.28273402,2603768.4598726816,27.609305407161028,-21.3912698979736,-1.8871013762202278,0.0,0.0,0.0,0.0,0.0,0.0
2029 JUN 26 00:36:28,2029 JUN 26 06:09:16,Total,2029 JUN 26 02:33:04,11427730.104012262,-151632605.61184528,10173.341183364391,29.206800461277382,2.127188341986775,-0.001480737102128371,11445978.217450218,-152005001.68286103,9310.114281445742,30.260772779633424,2.1361609328097084,0.09572833237751077,-97174187.79768199,45626599.777762234,6234128.408603162,-15.037975456626647,-31.86722363874538,0.4295837307780559,0.0,0.0,0.0,0.0,0.0,0.0
2029 DEC 20 19:45:03,2029 DEC 21 01:40:22,Total,2029 DEC 20 22:18:42,3086299.4901808635,147137034.5470444,-10008.236105069518,-30.254872179495447,0.5137076597442711,0.001226223188658726,3104555.674162746,147535088.565473,-11485.438884057105,-31.24252551419213,0.5262598276730668,-0.09000951624261157,20926658.310305353,105712377.95410183,245897.3511415869,-34.472434065328805,6.6270855405254485,2.0801509703581926,0.0,0.0,0.0,0.0,0.0,0.0
2030 JUN 15 16:16:10,2030 JUN 15 20:51:44,Partial,2030 JUN 15 17:23:33,-15363868.76327506,-151174068.70984188,10570.298666380346,29.13863242636191,-3.1228337022127652,-0.0011813974931227378,-15409000.0050667,-151529836.0952161,14550.187661103904,30.22122564360577,-3.2742957216233455,0.09948769268173319,108410041.53184901,4140869.4538055044,-6198049.141052788,-1.482367051621064,34.83687708557816,0.5645413052256725,0.0,0.0,0.0,0.0,0.0,0.0
2030 DEC 09 20:10:41,2030 DEC 10 00:46:11,Penumbral,2030 DEC 09 20:10:41,32230869.96250695,143763151.4969811,-10179.028182089329,-29.540940138673534,6.401667734847884,0.0007945479077737794,32327517.306454513,144157702.52285257,-16291.298575878143,-30.480827724931764,6.63486945768233,-0.08773116407793058,31596249.774339683,-104137453.92534485,-3254935.9359985143,33.27597644096277,10.04991461935738,-1.7817483553540598,0.0,0.0,0.0,0.0,0.0,0.0
2031 MAY 07 01:54:22,2031 MAY 07 05:48:36,Penumbral,2031 MAY 07 01:54:22,-105011364.67616265,-108394369.25792411,8288.146038398147,20.901118965828346,-20.83093678687341,0.00015991968299200465,-105270881.41213028,-108653099.23489822,837.9531894698739,21.682432208816866,-21.56406535169045,0.09743302523204633,-103510791.20278232,28667219.145967484,6366482.613927478,-9.520575720755353,-33.908220587573254,0.08306340323337302,0.0,0.0,0.0,0.0,0.0,0.0
2031 JUN 05 11:01:14,2031 JUN 05 12:28:16,Penumbral,2031 JUN 05 11:01:14,-41373148.76161435,-146024281.6985566,10366.292684435844,28.163366378550812,-8.229760820232073,-0.0007466446777004698,-41474590.96467701,-146369312.19545996,19498.20469327271,29.21618056046713,-8.513693325481109,0.09528298646297317,-91596555.18362372,-57202561.44478327,4498326.857900545,18.304884237467533,-29.867039773237174,-1.4668240185866424,0.0,0.0,0.0,0.0,0.0,0.0
2031 OCT 30 05:52:05,2031 OCT 30 09:40:13,Penumbral,2031 OCT 30 05:52:05,119948052.3374773,87675472.33982684,-7263.107860557735,-18.057997559091852,23.926134571814742,-0.0004987887026270954,120261546.65707307,87897505.78013444,812.4749366156757,-18.611378829545714,24.788187119849333,-0.09150336777921098,7948237.801020078,107398576.45692126,1018545.166777946,-35.04425653146455,2.4035745544362674,2.0549325403491205,0.0,0.0,0.0,0.0,0.0,0.0
2032 APR 25 12:24:19,2032 APR 25 18:04:16,Total,2032 APR 25 14:43:31,-122676042.83944213,-87203644.80454507,7169.110822081566,16.766000164208336,-24.38139972822611,0.0005145045826893124,-122996632.84508789,-87420029.39152944,3973.5914213508368,17.37118924749852,-25.19899877959637,0.09450085375617867,106307763.27407971,21291558.555647068,-5840506.594966521,-7.005688545479381,34.18040942432429,0.8743009134317443,0.0,0.0,0.0,0.0,0.0,0.0
2032 OCT 18 16:26:35,2032 OCT 18 21:39:39,Total,2032 OCT 18 18:42:01,134625500.08128598,63897599.654247895,-5647.571444101632,-13.253208604651595,26.786637851998403,-0.0006582637670486946,134958541.6304516,64045539.81173739,-2089.2177475206554,-13.659817474431629,27.78418666641268,-0.09953550500003416,44930492.55603394,-99125232.84089096,-3955590.2271122113,31.662346265100272,14.339403142966486,-1.629494740566407,0.0,0.0,0.0,0.0,0.0,0.0
2033 APR 14 16:14:09,2033 APR 14 22:12:38,Total,2033 APR 14 18:51:58,-136466482.99628732,-62391336.844610654,5752.126280743629,11.896288731794977,-27.19313736313456,0.0008776271608699204,-136837599.68751594,-62550147.42656288,7311.241238377988,12.298339992213798,-28.080686797579,0.09108125465497885,-82595340.40430994,-69771102.4599505,3805140.42728978,22.351390426350083,-26.918515312618517,-1.6598806829172243,0.0,0.0,0.0,0.0,0.0,0.0
2033 OCT 08 08:20:37,2033 OCT 08 13:30:56,Total,2033 OCT 08 10:17:52,144442058.79086584,38453925.400835484,-4109.037495268509,-8.143894438980107,28.6607461153777,-0.0008995970880345538,144789276.6367832,38536279.8343779,-5007.1464182287455,-8.401247188914098,29.728443590084197,-0.10285062301927006,-85180958.02084011,65297978.845590554,5812778.407057047,-21.442331856426918,-27.971927310523142,0.8521603791972083,0.0,0.0,0.0,0.0,0.0,0.0
2034 APR 03 16:55:45,2034 APR 03 21:17:19,Penumbral,2034 APR 03 16:55:45,-145414020.55547625,-35004097.741090335,3842.0742922089994,6.485118712825203,-29.063167476210815,0.0011257267904749568,-145808456.05221415,-35091117.80079337,10231.389559224248,6.6780709261067175,-30.01763858094795,0.0901974312977405,44099030.7415796,98471604.69611289,-1189073.3343853801,-32.077166917075274,14.15253445908708,2.045356122141997,0.0,0.0,0.0,0.0,0.0,0.0
2034 SEP 28 00:44:20,2034 SEP 28 04:49:50,Penumbral,2034 SEP 28 00:44:20,149463396.22381276,11770757.895322515,-2150.5609641196206,-2.821409544785871,29.571489371587177,-0.0011350148658202386,149828677.7628566,11791506.749129197,-7863.400257372297,-2.9208762129710513,30.64009004277336,-0.09824747789784993,107000370.79450701,-18513256.26806137,-6427792.540382422,5.800776715814818,34.349911614176094,0.13809206015331377,0.0,0.0,0.0,0.0,0.0,0.0
2035 FEB 22 06:59:20,2035 FEB 22 11:11:53,Penumbral,2035 FEB 22 06:59:20,-131818938.88244832,67196269.3114155,-4416.463585663587,-14.006449154757654,-26.64207443723079,0.0011438615660210871,-132150788.75230795,67372944.25801076,-11714.793882511556,-14.537946758809,-27.543112606164893,0.09464421516205412,-73254982.3357967,-79671131.74647065,3129521.15479422,25.534519511921015,-23.867895605148227,-1.8017409180720403,0.0,0.0,0.0,0.0,0.0,0.0
2035 AUG 18 22:48:25,2035 AUG 19 03:35:11,Partial,2035 AUG 19 00:37:34,124558476.25313303,-86111382.90408258,6139.9252640381455,16.448185643026598,24.379900727954084,-0.001024769185677954,124880121.68313207,-86342608.90214935,12921.774353485554,16.99933070583074,25.20604325413305,-0.09176890861907339,-94304729.76240681,51286386.20481385,6146801.906275153,-16.878180428494968,-30.933635967908586,0.547896778834053,0.0,0.0,0.0,0.0,0.0,0.0
2036 FEB 11 19:35:39,2036 FEB 12 00:49:26,Total,2036 FEB 11 21:36:46,-116584092.7790521,90583987.88981868,-6751.998887363821,-18.75261142657306,-23.625296465244972,0.0008763652284677903,-116862102.19349648,90811867.36684848,-9686.960314676166,-19.460471705420975,-24.455590420850246,0.1015414468655802,29815956.419760495,103609683.60247427,-293769.23678646237,-33.77133672396815,9.517350777961795,2.079414426398996,0.0,0.0,0.0,0.0,0.0,0.0
2036 AUG 06 23:47:20,2036 AUG 07 05:56:52,Total,2036 AUG 07 02:05:54,106478132.89966872,-108065832.43769835,8439.40845554322,20.726548130631066,20.78701741376795,-0.0007992916010666207,106756233.54863015,-108361942.21778181,10724.177076674998,21.431525539003204,21.450096340794705,-0.0904186590498357,108457992.50208634,-3970697.5551970755,-6312003.222524108,1.1281664150104034,34.83668341181523,0.41456523638956355,0.0,0.0,0.0,0.0,0.0,0.0
2037 JAN 31 11:26:09,2037 JAN 31 16:35:55,Total,2037 JAN 31 13:31:06,-97501580.41514996,110531674.11860642,-8832.067033551633,-22.813668510310638,-19.80859495912832,0.0005772430022208397,-97731186.97573283,110806659.48221774,-7495.166592240334,-23.641676823810553,-20.524411264021005,0.10200049403526457,24728307.233930096,-105965300.24403447,-2885661.140884161,33.86973158665621,7.837238198687745,-1.8461493675738645,0.0,0.0,0.0,0.0,0.0,0.0
2037 JUL 27 01:20:24,2037 JUL 27 06:58:28,Partial,2037 JUL 27 02:34:49,84657356.9924079,-126143065.73162839,10267.467353098094,24.241068828491215,16.482056586030126,-0.0004367923729047263,84870862.38122915,-126478416.2825524,7674.667224988341,25.093358130434318,16.984773219965835,-0.09191519888853428,-96560395.52142087,-48147156.5019094,4907921.055000635,15.385768458737548,-31.503788247803705,-1.3214239575528257,0.0,0.0,0.0,0.0,0.0,0.0
2038 JAN 21 01:48:11,2038 JAN 21 05:50:34,Penumbral,2038 JAN 21 01:48:11,-74892126.24714725,126736495.6820587,-10424.865796342492,-26.118838746393745,-15.26071094328933,0.00033382348158550457,-75075081.095853,127061376.38557047,-4338.030433766544,-27.014502062047715,-15.817222122843905,0.09532526301296684,-70230269.03492226,81196373.17570078,5169700.924100954,-26.610969875854636,-23.097393068142654,1.217159080844648,0.0,0.0,0.0,0.0,0.0,0.0
2038 JUN 17 01:18:21,2038 JUN 17 04:10:23,Penumbral,2038 JUN 17 01:18:21,-12021566.106420306,-151489370.00387207,13099.522641599178,29.199132442508922,-2.467159931137857,0.0011373878125964243,-12054986.590417653,-151855500.22592214,21920.357272714376,30.2585237121543,-2.6043962709224493,-0.09284789365470725,107904733.84834117,10951482.781479975,-6074213.533793705,-3.6744185565395178,34.68395984521674,0.6896235447664907,0.0,0.0,0.0,0.0,0.0,0.0
2038 JUL 16 10:01:20,2038 JUL 16 13:09:15,Penumbral,2038 JUL 16 10:01:20,60554062.62431786,-139465458.33590794,11715.036164157093,26.829121641544837,11.747105986731356,-7.052650381211834e-05,60698650.068777755,-139814142.12884137,4122.706027448177,27.80692570768712,12.105877304075062,-0.09453560475090939,65436143.71431002,85955839.00333825,-2591282.2236338966,-27.974181441998745,21.06263888269133,1.9038946561671626,0.0,0.0,0.0,0.0,0.0,0.0
2038 DEC 11 15:37:13,2038 DEC 11 19:52:01,Penumbral,2038 DEC 11 15:37:13,27730363.34553591,144674309.5088118,-12719.606696359813,-29.728017983826888,5.492344047581828,-0.001330973148049086,27812129.514929824,145068376.59038153,-20695.64813684672,-30.689498116895187,5.669636426271091,0.08732325137352781,39259915.75380211,-101503615.94187827,-3662784.0269730315,32.42658688173136,12.516596886394886,-1.6982970347027906,0.0,0.0,0.0,0.0,0.0,0.0
2039 JUN 06 16:26:37,2039 JUN 06 21:21:00,Partial,2039 JUN 06 17:25:30,-38507514.831926785,-146827607.44827175,13155.513752415776,28.31737286877045,-7.66580558222845,0.001663925085470197,-38606557.93001366,-147170813.8132727,17538.982005648315,29.369961885924507,-7.975244616500513,-0.09899396820103723,-88093612.98735568,-62556151.166553736,4220478.157669678,20.029729168777767,-28.71742580132981,-1.5510187222356677,0.0,0.0,0.0,0.0,0.0,0.0
2039 NOV 30 13:57:21,2039 NOV 30 19:54:46,Partial,2039 NOV 30 15:14:32,56081636.72470772,136470065.9157071,-12836.237856291234,-28.026535347237175,11.205859998511183,-0.001823412907503652,56243981.31067998,136840850.12075317,-16822.677046895027,-28.91019007486644,11.61065391847336,0.08755423738808066,-79781848.091944,71806716.45693843,5591611.806962352,-23.556908502557615,-26.21224618845151,0.9978112006561624,0.0,0.0,0.0,0.0,0.0,0.0
2040 MAY 26 09:06:12,2040 MAY 26 14:25:16,Total,2040 MAY 26 11:00:57,-63620556.72464323,-137551240.14392182,13217.022712945938,26.539884435244502,-12.611702952648725,0.002111657847148507,-63781877.658265054,-137876707.06358293,13013.145911939442,27.521805310637607,-13.06199569683571,-0.09776263536681284,50460481.22435561,95418164.67200324,-1596295.7753109075,-31.06977434318613,16.214465080258503,2.0157060092431367,0.0,0.0,0.0,0.0,0.0,0.0
2040 NOV 18 16:08:43,2040 NOV 18 21:59:46,Total,2040 NOV 18 18:21:48,81882957.06158479,123111790.61428104,-12177.296942219138,-25.278321611563786,16.378486094174498,-0.002393810773696714,82106657.31341004,123430172.14867519,-11690.511130452156,-26.080880880347017,16.994140031897995,0.09103848714931395,104848727.09763473,-28396320.869419977,-6439642.140234899,8.975513456337836,33.64783550262888,-0.05417208339127555,0.0,0.0,0.0,0.0,0.0,0.0
2041 MAY 15 22:29:18,2041 MAY 16 02:55:47,Partial,2041 MAY 16 00:18:57,-86995208.0426906,-123708429.7113105,12826.836634211242,23.872801999787647,-17.24063888112998,0.002545978476265809,-87221555.38456328,-124015967.76595888,7411.116414472461,24.729834459920397,-17.812222238373547,-0.09048618210459125,2559510.82392341,-108725773.38814616,-1646227.4416800812,34.77579845488351,0.6961689080008132,-1.996502988302666,0.0,0.0,0.0,0.0,0.0,0.0
2041 NOV 08 02:21:59,2041 NOV 08 06:46:59,Partial,2041 NOV 08 03:52:24,103936960.89995384,105675985.18133233,-11269.34372986108,-21.71322284317106,20.767323226640173,-0.0029886664919480666,104201184.32059264,105932583.87454772,-6222.836367420852,-22.429432429009356,21.55765203801211,0.0948334377656268,-104590293.44326362,-25760184.01658895,5678403.285240808,8.145759220182597,-34.161713779644074,-0.9407641440500747,0.0,0.0,0.0,0.0,0.0,0.0
2042 APR 05 12:17:20,2042 APR 05 16:42:14,Penumbral,2042 APR 05 12:17:20,-144370054.82726574,-39395677.27353304,5103.902364784852,7.355555572426302,-28.83855262594433,0.0037999709196299136,-144763064.54895517,-39496321.39795142,12844.897273892537,7.603778448993165,-29.77563684015709,-0.08392628921418499,36502499.566226,101483166.38503483,-706907.1489474401,-33.071047917643135,11.688601217845358,2.068875438323513,0.0,0.0,0.0,0.0,0.0,0.0
2042 SEP 29 08:47:25,2042 SEP 29 12:42:59,Penumbral,2042 SEP 29 08:47:25,149112477.66052034,15047427.292456768,-2761.868968405761,-3.4741856113278455,29.5126305643707,-0.0040664459146650955,149469007.91196924,15076760.159495085,-9980.81040051952,-3.5760861299546867,30.603676359197486,0.09499671310240387,107909875.20500721,-11879208.46567228,-6388669.800890898,3.669463740707763,34.65153534277994,0.2659806713326667,0.0,0.0,0.0,0.0,0.0,0.0
2043 MAR 25 11:33:19,2043 MAR 25 17:29:58,Total,2043 MAR 25 14:07:27,-148779656.8875734,-10714646.638678119,2249.1299009826034,1.6545960629972043,-29.81217614689515,0.004065459984621711,-149179627.11136082,-10734031.18871789,5659.644708215725,1.6731200468582579,-30.794578829659525,-0.08611404357310448,15850231.510526154,-107628993.81759557,-2398297.4336008653,34.413310928943496,4.980349438195129,-1.9165549070326109,0.0,0.0,0.0,0.0,0.0,0.0
2043 SEP 18 23:09:33,2043 SEP 19 04:32:55,Total,2043 SEP 19 01:17:04,149819796.75843534,-12246742.175023956,87.9430121043697,1.9409221021481833,29.563740544083572,-0.004172189325474918,150188814.41651776,-12286295.339074649,-2961.6557302307338,2.011729581107472,30.620116442675133,0.09347498435875679,-99190193.72699688,-42348436.90692777,5138126.524532886,13.512549493948509,-32.367814196302,-1.2257797530948995,0.0,0.0,0.0,0.0,0.0,0.0
2044 MAR 13 16:50:08,2044 MAR 13 22:26:00,Total,2044 MAR 13 19:06:49,-147642262.44168597,17747222.629495837,-566.2293173214421,-4.038621003734167,-29.67611141108473,0.004177900454378047,-148019235.93982098,17802433.984777555,-1830.3988009225577,-4.232020734390438,-30.690407259924456,-0.09112644383364987,-62152316.25910787,87560039.28658523,4792629.959332231,-28.677962609379048,-20.46207333902577,1.3722141953134805,0.0,0.0,0.0,0.0,0.0,0.0
2044 SEP 07 08:29:32,2044 SEP 07 14:10:54,Total,2044 SEP 07 11:08:02,145438321.3458048,-39645090.532729216,2807.643954804167,7.3469188164493735,28.616172136184908,-0.004088366352762662,145813856.00149924,-39757583.833421014,4614.787919912487,7.595072896586029,29.58876030695341,0.08818476782844442,70341187.12387767,82039424.6761145,-2926440.427661158,-26.694504461316935,22.64382079931908,1.8521640579550427,0.0,0.0,0.0,0.0,0.0,0.0
2045 MAR 03 05:42:26,2045 MAR 03 09:43:11,Penumbral,2045 MAR 03 05:42:26,-141365311.03232878,44783970.99827665,-3320.4966616109014,-9.476824326295718,-28.49790895083775,0.004190150527907832,-141708236.65653077,44900917.1196453,-9140.360677244142,-9.851762342484847,-29.514022359291566,-0.09473998918252846,97036351.27279584,-49008482.217107825,-6273449.668513577,15.58546624851705,31.112066187673992,-0.4700171162563418,0.0,0.0,0.0,0.0,0.0,0.0
2045 AUG 27 11:55:42,2045 AUG 27 15:53:06,Penumbral,2045 AUG 27 11:55:42,135838712.72280988,-66266083.134708256,5506.632939901203,12.57135516940016,26.650609222528015,-0.003918148065634952,136199981.08950686,-66450216.07151762,12556.633230637759,13.001282882843107,27.519869960407533,0.08381004843795203,-22346612.155537527,-106316683.3955898,-177138.71067237854,34.036402877851586,-7.345878969844216,-2.0647171636650636,0.0,0.0,0.0,0.0,0.0,0.0
2046 JAN 22 10:58:30,2046 JAN 22 15:05:37,Partial,2046 JAN 22 12:42:13,-77869646.12325685,124947535.429989,-12313.912705652416,-25.753544405252743,-15.862303614412834,0.0031019549692006265,-78054683.82878153,125257481.32115364,-5338.955922424793,-26.673303075798582,-16.441399835658878,-0.0956252330753955,-75305450.37612186,76497738.90310663,5398994.1762320995,-25.083474269907256,-24.752676479123274,1.1055007600066915,0.0,0.0,0.0,0.0,0.0,0.0
2046 JUL 17 22:37:59,2046 JUL 18 03:33:11,Partial,2046 JUL 18 00:10:46,63961667.3166103,-137928585.81737357,13943.472526423633,26.528635765955826,12.414181384084747,-0.0026669223617883375,64119769.88347034,-138287710.35815498,7664.691847741604,27.462421620099423,12.779570492267819,0.08770356995382844,59452858.812340945,90151577.01162302,-2185832.6856993586,-29.346113212212774,19.127944976275025,1.9566465432043962,0.0,0.0,0.0,0.0,0.0,0.0
2047 JAN 11 22:38:17,2047 JAN 12 04:13:04,Total,2047 JAN 12 00:52:29,-52636344.61624901,137382704.22867066,-14174.488201498985,-28.28875247862787,-10.766275669510105,0.002589505569551065,-52763138.70793022,137740004.9529087,-11146.181860022247,-29.25055318603071,-11.155609388198142,-0.09320523284761517,103375048.31911789,-33425166.583322234,-6424130.612761589,10.588032274792846,33.16957772805977,-0.15317185132529332,0.0,0.0,0.0,0.0,0.0,0.0
2047 JUL 07 07:49:41,2047 JUL 07 13:20:48,Total,2047 JUL 07 09:45:59,38102412.808281,-147240920.17523175,15430.464465290308,28.342064974835388,7.3464060594769185,-0.002243751233725444,38186067.69740852,-147603022.2235274,14100.429314233363,29.38081014539311,7.543438753168159,0.09514464696307678,-8306116.265321269,-108392412.97766697,-1016234.8255106658,34.68412927489203,-2.8087247182371815,-2.0394538085687026,0.0,0.0,0.0,0.0,0.0,0.0
2048 JAN 01 03:55:03,2048 JAN 01 09:51:49,Total,2048 JAN 01 06:28:10,-24837392.196468584,144988025.12307268,-15641.969243571162,-29.833881601153784,-5.1396997611781305,0.0019824905664127535,-24895016.728363592,145383130.9973979,-17091.12275069952,-30.804254002757975,-5.312830656754725,-0.08906548184612406,-105801307.70414987,-19971261.3398392,5827211.097029073,6.2736685038197,-34.56960962295848,-0.8389065004017446,0.0,0.0,0.0,0.0,0.0,0.0
2048 JUN 25 23:40:17,2048 JUN 26 04:23:26,Partial,2048 JUN 26 00:43:53,11668853.214117626,-151612190.07132107,16546.048095837235,29.20355845842169,2.1725546331587737,-0.0017584145031681597,11687232.099862464,-151969933.03674838,20046.48796738684,30.296924424213696,2.216969423125578,0.09914037461215064,-41972540.575168766,98915303.65336539,3785994.6128683537,-32.35516570048473,-13.875561757084055,1.6748259396159422,0.0,0.0,0.0,0.0,0.0,0.0
2048 DEC 20 04:08:26,2048 DEC 20 08:46:19,Penumbral,2048 DEC 20 04:08:26,4466449.963205579,147107486.02571017,-16201.763074859977,-30.248287237607283,0.7911844774281186,0.001296525214122879,4486818.554633333,147513067.14357314,-22255.777609735727,-31.215522335717555,0.8446255107871131,-0.0872946995406377,87031504.12627107,64274327.70392764,-4133166.622785993,-20.911044381114902,28.021585186703167,1.592858994510948,0.0,0.0,0.0,0.0,0.0,0.0
2049 MAY 17 09:35:39,2049 MAY 17 13:16:35,Penumbral,2049 MAY 17 09:35:39,-84057677.16247337,-125772704.16559497,15222.208893418312,24.272865354935384,-16.65732737587423,0.000458712404705075,-84266752.89795597,-126074902.3326141,7422.926147527993,25.172129410049724,-17.23458704111545,0.09725260980878225,9615425.423478266,-108351114.28825685,-2050298.3271942511,34.64895441424102,2.9709506339541165,-1.957555028233056,0.0,0.0,0.0,0.0,0.0,0.0
2049 JUN 15 18:10:41,2049 JUN 15 20:16:38,Penumbral,2049 JUN 15 18:10:41,-14843296.65082805,-151222335.07537377,17185.547387614846,29.15026864246756,-3.0208951658897383,-0.0011303760435819044,-14883161.167200936,-151580425.7714542,25799.523847937584,30.23476743667517,-3.114618584437336,0.09517182582360384,85126544.8824901,-67711497.98137514,-5844820.701015286,21.580197498188113,27.27211581860919,-0.8682889461753902,0.0,0.0,0.0,0.0,0.0,0.0
2049 NOV 09 14:00:25,2049 NOV 09 17:42:47,Penumbral,2049 NOV 09 14:00:25,101222382.90131524,108217006.25362971,-13416.072208672762,-22.22993677303033,20.227037972957827,-0.0009624092273536888,101488060.18819453,108492862.65508161,-5249.716330602765,-22.93673052053118,20.972806368587527,-0.09214170590329651,-102689259.88914141,-32703034.340051014,5471657.585433094,10.392707950587063,-33.527711347462244,-1.0622753770196312,0.0,0.0,0.0,0.0,0.0,0.0
2050 MAY 06 19:42:43,2050 MAY 07 01:20:14,Total,2050 MAY 06 22:13:01,-105249322.16490003,-108150006.26856498,13474.779085800052,20.855728917741374,-20.879430288157433,0.0010194154131113464,-105526488.29187799,-108421565.4296034,9910.406580150127,21.59575305854442,-21.572569839810406,0.09464702735670727,-57381467.84329648,90771453.29819217,4562784.856072672,-29.722287750596458,-18.906476509080335,1.4533640649870563,0.0,0.0,0.0,0.0,0.0,0.0
2050 OCT 30 00:45:50,2050 OCT 30 05:56:37,Total,2050 OCT 30 03:07:30,120077757.94976145,87517750.07586758,-11547.598100475967,-18.021998386471722,23.949213706282766,-0.001400672464987096,120376831.64569762,87724480.9744286,-7839.74539558962,-18.609416577168197,24.85504026799514,-0.10048600148536835,77700311.31942026,75181967.38159235,-3443509.9412682243,-24.458441628978356,25.019251347334738,1.7562284547513638,0.0,0.0,0.0,0.0,0.0,0.0
2051 APR 25 23:14:56,2051 APR 26 05:17:04,Total,2051 APR 26 01:43:23,-123276571.74378815,-86310722.17546944,11467.360071484,16.593535642366128,-24.505621283514195,0.0016054444750572827,-123613288.03772272,-86534352.61727199,12662.151488754898,17.146927221282425,-25.30587144782447,0.09176875282628139,93768932.37259918,-55028607.06287237,-6168454.380242061,17.517914771838658,30.06143308309024,-0.5952748664677845,0.0,0.0,0.0,0.0,0.0,0.0
2051 OCT 19 16:35:16,2051 OCT 19 21:47:10,Total,2051 OCT 19 18:30:51,134466952.78718716,64222265.54706793,-9076.546385135502,-13.31686057582764,26.755647900589974,-0.0017811134230303338,134793072.8362599,64367198.058459625,-9761.149659287184,-13.768484226680757,27.756726534789493,-0.10378565535673445,-30565305.155777965,-104200627.70646483,323884.2227693349,33.36916496675666,-10.00206249238619,-2.0628395679853377,0.0,0.0,0.0,0.0,0.0,0.0
2052 APR 14 00:01:29,2052 APR 14 04:33:48,Penumbral,2052 APR 14 00:01:29,-137021372.62776664,-61100943.79774552,8760.530167371035,11.642683337370023,-27.30848908510351,0.0020370110022955856,-137392924.84074584,-61257890.205126695,14804.847145680338,12.004218080417854,-28.214160096980027,0.09142053367670044,-107428466.2898973,4422924.247254972,6257432.99134372,-1.639716987269849,-35.14498328505873,-0.3908339064889823,0.0,0.0,0.0,0.0,0.0,0.0
2052 OCT 08 08:38:40,2052 OCT 08 12:52:11,Partial,2052 OCT 08 10:18:28,144336600.62240225,38805808.82522146,-6202.829906675965,-8.215003653463151,28.643310535356274,-0.0021820670674870257,144692850.16501758,38893108.998554364,-11659.025757135823,-8.50844114012092,29.673041603382014,-0.09926365124369063,-20128259.00366326,105646367.3783793,2620331.009776056,-34.52056419819055,-6.747837684567014,1.8979147772090361,0.0,0.0,0.0,0.0,0.0,0.0
2053 MAR 04 15:17:36,2053 MAR 04 19:25:32,Penumbral,2053 MAR 04 15:17:36,-142432926.08474278,41456442.561364844,-3403.273609900847,-8.804232686358139,-28.70179983219753,0.0024303619731345094,-142790961.1582083,41567498.984187454,-10791.692229637876,-9.158020211442214,-29.689323029679027,0.09615327272506313,99919892.96409854,-42761642.13454777,-6354026.996571364,13.582726758321485,32.04560105793357,-0.3407677821054307,0.0,0.0,0.0,0.0,0.0,0.0
2053 AUG 29 05:48:08,2053 AUG 29 10:22:39,Penumbral,2053 AUG 29 05:48:08,137622684.34701926,-62336600.24687538,6071.680612292141,11.801708360100694,27.012099644395732,-0.002322508945040269,137981568.23768482,-62506712.269476175,13280.958469707519,12.195890573831251,27.92083365569444,-0.09268849964629311,-14550262.450046564,-107701372.4106502,-648580.130037427,34.47105444309873,-4.826293657008172,-2.054952853294076,0.0,0.0,0.0,0.0,0.0,0.0
2054 FEB 22 04:14:39,2054 FEB 22 09:27:07,Total,2054 FEB 22 06:16:20,-131840164.44533782,67164049.3503119,-6743.900175064802,-13.999063537279953,-26.644267930798325,0.002216549420030134,-132155708.21582815,67335282.57087728,-9760.26865619421,-14.536952125004586,-27.59498697769048,0.10304828113932984,-107053253.47378184,-10972220.052397696,6023018.508938659,3.3552138162277414,-34.991942308348264,-0.6769760475927473,0.0,0.0,0.0,0.0,0.0,0.0
2054 AUG 18 06:22:38,2054 AUG 18 12:29:29,Total,2054 AUG 18 08:46:15,123765909.36037748,-87272230.80282886,9452.448031015694,16.6753619689776,24.22194493862874,-0.002086168869343652,124092283.39640993,-87514120.07484946,12241.351758234203,17.25313569015373,24.998373585306073,-0.09165869796969517,-34238589.5607447,101883189.1049371,3382473.388358578,-33.31475364029708,-11.349828292639998,1.7647150096872726,0.0,0.0,0.0,0.0,0.0,0.0
2055 FEB 11 20:10:25,2055 FEB 12 01:20:57,Total,2055 FEB 11 22:14:32,-116832153.57869579,90265929.88337454,-9981.990341756493,-18.688960713282732,-23.675286594098075,0.0019091578306618118,-117109934.8909874,90492840.66879247,-8708.311596874148,-19.364512316208227,-24.53486324143371,0.103259699825621,91069869.35222778,58465152.06282584,-4444937.260302421,-19.028340641530043,29.321560118911574,1.5026376353456854,0.0,0.0,0.0,0.0,0.0,0.0
2055 AUG 07 08:01:02,2055 AUG 07 13:44:41,Partial,2055 AUG 07 09:12:39,105536069.8671745,-109009850.83438492,12430.09313147515,20.908600258596636,20.59869144198117,-0.001694825285851742,105804789.98966944,-109301393.90996683,10377.94700550288,21.66166014809527,21.244713334264794,-0.09351921056285839,78357028.46888591,-75474941.48625527,-5562173.399127975,24.069760463118534,25.092608752076536,-1.0415310851527053,0.0,0.0,0.0,0.0,0.0,0.0
2056 FEB 01 10:23:42,2056 FEB 01 14:27:32,Penumbral,2056 FEB 01 10:23:42,-97666958.49611183,110377386.21170738,-12835.362390138209,-22.785136941791666,-19.844398953364106,0.0016247111477598608,-97908847.60812286,110662511.8436639,-6775.527325190604,-23.556538496519426,-20.559133007435232,0.09641929874199828,-50466598.04776094,-95989664.88342772,1584117.3503865004,30.757906452113442,-16.453751255569436,-2.0013487868608166,0.0,0.0,0.0,0.0,0.0,0.0
2056 JUN 27 08:50:01,2056 JUN 27 11:14:55,Penumbral,2056 JUN 27 08:50:01,15031366.669794068,-151326241.122695,18861.04402062297,29.14526907033242,2.831375649132722,0.00043389221728640237,15064103.4557848,-151691406.66130903,28055.547658845782,30.214816496065904,2.887885742513491,-0.09348678467662985,-48231172.2891738,95989569.0716528,4108281.080634266,-31.409872877768688,-15.919178154867385,1.591543049462322,0.0,0.0,0.0,0.0,0.0,0.0
2056 JUL 26 16:57:33,2056 JUL 26 20:28:01,Penumbral,2056 JUL 26 16:57:33,84204430.95848913,-126457914.23339058,15071.04244748503,24.29954900750186,16.39112767050186,-0.0012194219410108786,84407157.85799158,-126774770.8538552,8056.530265890062,25.202150145369156,16.917866768779195,-0.09635411001567906,-103418169.86686921,28988487.291616216,6365194.5777004305,-9.623685004929253,-33.880298877661424,0.08680787970894777,0.0,0.0,0.0,0.0,0.0,0.0
2056 DEC 21 23:42:10,2056 DEC 22 03:54:55,Penumbral,2056 DEC 21 23:42:10,-143605.79506676015,147157674.99618107,-18595.99500411749,-30.261550524674885,-0.1422915192444206,-0.0006732742218151233,-137952.19460454653,147560683.59169745,-26651.802406795323,-31.237772717851012,-0.14861412688419173,0.08783416475459174,81901783.49215657,70632493.44383405,-3747401.2596645094,-22.977222077725894,26.37133529741563,1.6896590257833068,0.0,0.0,0.0,0.0,0.0,0.0
2057 JUN 17 00:01:38,2057 JUN 17 04:49:48,Partial,2057 JUN 17 01:02:29,-11823978.65708499,-151507154.21534812,19889.2774540931,29.201456353531253,-2.428986349207131,0.0011509666544469166,-11860236.632628767,-151862416.5878209,24718.016625083983,30.29286724261512,-2.543569580972113,-0.09938404218650121,88953916.6865821,-62569619.45519575,-5995293.025479183,19.93192097375103,28.50557986861145,-0.7554065184532242,0.0,0.0,0.0,0.0,0.0,0.0
2057 DEC 10 21:55:11,2057 DEC 11 03:51:17,Partial,2057 DEC 10 23:12:42,29295123.294351954,144380064.7192307,-19391.80141799152,-29.665108019838836,5.807408550870536,-0.0014571097461515414,29384512.22125704,144774401.06433135,-23477.396833509207,-30.609876187681817,6.040282852990372,0.08798754956931631,-38486548.98295895,-101492133.3420939,816281.2830163166,32.50615361220512,-12.567777503460912,-2.0484826544691686,0.0,0.0,0.0,0.0,0.0,0.0
2058 JUN 06 16:34:31,2058 JUN 06 21:55:50,Total,2058 JUN 06 18:27:47,-38168309.79195616,-146913499.92723775,20027.038297601044,28.335504109473664,-7.60101017975796,0.0018348323151542445,-38269317.76277275,-147263355.14208084,20283.122409567237,29.379940556548217,-7.866932398028744,-0.09784961597952746,-106867472.12059201,11444007.891465388,6321539.763911902,-3.9218140454158883,-34.97726790117288,-0.2574830658395264,0.0,0.0,0.0,0.0,0.0,0.0
2058 NOV 30 00:20:38,2058 NOV 30 06:11:06,Total,2058 NOV 30 02:32:28,57150774.58194309,136043976.12339464,-19335.812922544777,-27.93646623279483,11.418716169595088,-0.0023411825858516977,57310172.020837314,136397733.33022457,-18966.510027632117,-28.842836543356253,11.874189982137066,0.0913586067767973,-10048465.709955655,107130929.34260866,2061450.6020529196,-34.98569624925303,-3.4592909143701887,1.9698906064034933,0.0,0.0,0.0,0.0,0.0,0.0
2059 MAY 27 05:35:45,2059 MAY 27 10:14:23,Partial,2059 MAY 27 07:09:42,-63643035.015731804,-137531197.52912414,19754.820084527135,26.539160072179996,-12.619271572274803,0.0025351855090915976,-63811655.906439394,-137875283.57746094,14802.563399754465,27.480912044451635,-13.02801308202645,-0.09045496054037638,101338611.13837449,38298858.38356731,-5314745.090971105,-12.496257033766863,32.60580542146305,1.1717439711632238,0.0,0.0,0.0,0.0,0.0,0.0
2059 NOV 19 10:47:15,2059 NOV 19 15:14:47,Partial,2059 NOV 19 12:14:10,82099978.93261869,122977376.57521218,-18043.27929431945,-25.24918004098555,16.419246759969564,-0.003158002934283921,82310982.3495132,123278076.57580657,-13155.695983663201,-26.1034861199303,17.06226150232517,0.09496782951550564,60464714.30073652,-90481332.09697938,-4738892.354789685,28.885283350028743,19.33725426419877,-1.3984178148591022,0.0,0.0,0.0,0.0,0.0,0.0
2060 APR 15 19:31:03,2060 APR 15 23:42:16,Penumbral,2060 APR 15 19:31:03,-135189718.5895162,-65219581.29998706,10522.952911581844,12.454813834726984,-26.931957293617295,0.004648809058009462,-135557861.08063683,-65390556.22185259,18584.010211136192,12.868077159696103,-27.808213254928784,-0.08279022531682756,-107499933.61442702,-3781429.7664194833,6147582.216024319,1.0239579434756725,-35.15296131846237,-0.5453564500825969,0.0,0.0,0.0,0.0,0.0,0.0
2060 OCT 09 16:58:49,2060 OCT 09 20:47:06,Penumbral,2060 OCT 09 16:58:49,143385531.96887112,42005381.823782265,-7357.599429206923,-8.855024598274415,28.46192179692609,-0.0050671514745381785,143730853.04798076,42099922.72985097,-14823.993596965447,-9.15772768040599,29.514250621885495,0.09376486502441317,-26752386.92938817,104133912.37476736,2983610.963693902,-34.03758508187867,-8.909207804764964,1.8398189490066255,0.0,0.0,0.0,0.0,0.0,0.0
2060 NOV 08 03:54:02,2060 NOV 08 04:13:09,Penumbral,2060 NOV 08 03:54:02,103582608.7114519,106019510.78374282,-16040.399415232241,-21.78191094748184,20.695582262433085,-0.0038219657271438834,103832988.0315136,106273624.00106108,-6396.220486909151,-22.56256812030429,21.468817118064322,0.0930306007756192,-94991255.19443259,49996635.63382688,6170210.756112613,-16.460297576778316,-31.159084998742777,0.5182369269121185,0.0,0.0,0.0,0.0,0.0,0.0
2061 APR 04 18:57:27,2061 APR 05 00:49:52,Total,2061 APR 04 21:43:51,-144741826.78027803,-37907325.512759045,6812.640280498192,7.06111406891503,-28.916811072325526,0.005062689867420644,-145130639.76609057,-37999560.51076043,10510.680812321603,7.25826452807855,-29.881503889117504,-0.08513627909992927,95768607.40589952,50515319.499493405,-4824410.96870888,-16.449175845791032,30.822970095509355,1.3751241670640226,0.0,0.0,0.0,0.0,0.0,0.0
2061 SEP 29 06:56:26,2061 SEP 29 12:18:49,Total,2061 SEP 29 09:10:12,149097203.53514326,15183782.018592881,-3733.6690930295736,-3.499552499002442,29.51044747284471,-0.005271369479171284,149468327.27758044,15212265.833364304,-7099.909786353819,-3.622999892901417,30.559060707694734,0.09201782901203615,73971054.7368549,-79794379.12997898,-5370113.630894158,25.455020496697177,23.68011202647797,-1.1404404521975726,0.0,0.0,0.0,0.0,0.0,0.0
2062 MAR 25 00:45:26,2062 MAR 25 06:21:17,Total,2062 MAR 25 02:57:45,-148820812.87439582,-9867457.088443205,3247.740436051041,1.487066924794628,-29.824023533073813,0.005350011453284509,-149200326.82391885,-9882756.9169358,2214.9838636349887,1.4843595223429602,-30.859648619770734,-0.09018451990354492,-59299449.0833581,-90713424.89385523,2164597.4429952726,29.070526806230053,-19.32082213026232,-1.9438721534021184,0.0,0.0,0.0,0.0,0.0,0.0
2062 SEP 18 15:40:12,2062 SEP 18 21:26:50,Total,2062 SEP 18 18:06:13,149789057.48446557,-12698516.713775052,-88.67994811106473,2.032395621355593,29.55706984185508,-0.00532385680063463,150179868.3281441,-12741526.481586648,1328.371629894711,2.1019600838259347,30.555499671583334,0.08675731417550914,-101536248.90182044,34967666.29786166,6339485.851876609,-11.569130496513777,-33.271624004431956,0.2067794944114798,0.0,0.0,0.0,0.0,0.0,0.0
2063 MAR 14 14:02:51,2063 MAR 14 18:07:33,Partial,2063 MAR 14 15:52:59,-147641135.305256,17733379.443563923,-533.734384663403,-4.034386546500622,-29.676754020127227,0.005477984931831159,-147999159.12741414,17784481.517019313,-6164.793585562147,-4.212672248622145,-30.746909623219953,-0.09363740413700583,12165861.995387781,107024720.78335658,779482.1379774958,-34.91562230441458,3.778253281492238,2.065870909426135,0.0,0.0,0.0,0.0,0.0,0.0
2063 SEP 07 18:32:32,2063 SEP 07 22:48:59,Penumbral,2063 SEP 07 18:32:32,145148196.07624027,-40759221.92897182,3650.5193388536572,7.565850031729009,28.555968180805237,-0.0052960740817518115,145536765.82207128,-40876185.23422601,10208.396465748549,7.836379689144078,29.4864961128871,0.08262729464527929,107554804.66774528,13903752.19140218,-6009925.505350229,-4.6240934650214225,34.57338445332284,0.7452215400483375,0.0,0.0,0.0,0.0,0.0,0.0
2064 FEB 02 19:45:20,2064 FEB 02 23:51:28,Partial,2064 FEB 02 21:33:52,-100275108.05128112,108057902.90223242,-14258.538962200284,-22.31004350136579,-20.3665232763315,0.004467489831282201,-100516033.44402638,108327595.912259,-7239.995500676334,-23.100757967664784,-21.109549346549613,-0.0940232016295246,-44313270.81005277,-99033164.89615789,1184523.8463547006,31.72831419432501,-14.45725637409574,-2.0298211317202446,0.0,0.0,0.0,0.0,0.0,0.0
2064 JUL 28 05:31:40,2064 JUL 28 10:12:53,Partial,2064 JUL 28 07:18:17,87264383.08019535,-124336532.49805386,16944.002259612083,23.88760195730566,16.994262365850094,-0.003922064657355229,87483130.61738394,-124660820.73111309,10215.144053965807,24.74478826511184,17.520590549976646,0.0863515491944904,-105184478.6311707,21865456.54810808,6368396.635184487,-7.3067671601550614,-34.44473137032599,-0.055473602099526786,0.0,0.0,0.0,0.0,0.0,0.0
2065 JAN 22 07:10:33,2065 JAN 22 12:46:17,Total,2065 JAN 22 09:25:52,-77812236.66838595,124984984.14090274,-17186.6198913157,-25.76207304377842,-15.849011824119142,0.0038532558162014396,-78005133.59778689,125312656.37840977,-14132.584373667836,-26.62988394388074,-16.41247655809505,-0.0916096843423162,-4842212.594986319,107518010.13433304,1767713.1179863438,-35.103682158075664,-1.7624338336814753,1.999940789271343,0.0,0.0,0.0,0.0,0.0,0.0
2065 JUL 17 15:03:47,2065 JUL 17 20:32:31,Total,2065 JUL 17 17:00:50,63527141.79441254,-138127081.4668919,19808.62981133163,26.567919410497666,12.329700274813984,-0.0034262855452391605,63673122.74696234,-138467567.99254885,18008.230126462877,27.55799034446583,12.709655579887636,0.09410746703663175,104722479.24253489,27930026.81314701,-5652201.96624897,-9.149445703537834,33.68203881034863,0.9940829304746028,0.0,0.0,0.0,0.0,0.0,0.0
2066 JAN 11 12:05:17,2066 JAN 11 18:03:21,Total,2066 JAN 11 14:37:57,-51886286.03648093,137666155.31358796,-19978.99504376203,-28.34719576133705,-10.614078656840439,0.003113243496876361,-52018049.390848145,138043892.9426152,-21401.42976345867,-29.26582303130218,-10.966070470397904,-0.08773895510356766,55502916.21013168,-93620441.19312245,-4497250.691251889,29.888905595541353,17.739620406260908,-1.4779177298143091,0.0,0.0,0.0,0.0,0.0,0.0
2066 JUL 07 07:04:57,2066 JUL 07 11:54:48,Partial,2066 JUL 07 08:05:42,38343007.907475516,-147174783.25951093,21649.648171961308,28.33021073255137,7.393612251208596,-0.002752883419538499,38424202.45729972,-147523320.40504506,24669.703682787716,29.39898936467659,7.632914277831631,0.09832763706112724,-76992800.88579617,-76009570.97233064,3387251.315309804,24.356512251966993,-25.086554020879888,-1.7519978362035733,0.0,0.0,0.0,0.0,0.0,0.0
2066 DEC 31 12:09:55,2066 DEC 31 16:49:33,Penumbral,2066 DEC 31 12:09:55,-23477030.15916879,145212571.355605,-21957.105747692287,-29.880462944970915,-4.86619622289343,0.0022358461232658833,-23533810.51958554,145614494.13697958,-27968.06442000717,-30.841023399968527,-4.995032507851672,-0.08640628878142831,-90940860.27752881,57024404.31822737,6034315.196224693,-18.746305794885494,-29.841405091524116,0.6676376241903164,0.0,0.0,0.0,0.0,0.0,0.0
2067 MAY 28 17:13:10,2067 MAY 28 20:38:04,Penumbral,2067 MAY 28 17:13:10,-60332316.83997338,-139060727.33906057,22333.772384405136,26.831221376535513,-11.964597074613566,0.0003128812856623142,-60483906.72628485,-139396631.43896288,14172.716406963766,27.817615156920777,-12.368013161335979,0.09658596895508254,98555553.61969896,44897088.325229354,-5061419.950616496,-14.63045487259823,31.71754178839322,1.2831019233768028,0.0,0.0,0.0,0.0,0.0,0.0
2067 JUN 27 01:23:06,2067 JUN 27 03:58:00,Penumbral,2067 JUN 27 01:23:06,12193620.307780938,-151574424.0153951,23091.47602774203,29.195318916158392,2.273981283926435,-0.0019136763810720936,12217051.901128976,-151934683.8002538,31206.337097011507,30.277287179494955,2.3733862982591383,0.09459366375998257,34164857.04607098,102285684.02017494,-553151.9646590352,-33.33220161483496,10.929634260268866,2.0735853192440494,0.0,0.0,0.0,0.0,0.0,0.0
2067 NOV 20 22:15:13,2067 NOV 21 01:52:59,Penumbral,2067 NOV 20 22:15:13,78965409.85761122,124960320.84097551,-20482.201738521457,-25.656967399741497,15.791929587501158,-0.0009827035300302711,79173987.72628947,125280151.79541212,-12255.016458295286,-26.493640543171274,16.393624136006384,-0.09234302991253873,66238391.870204315,-86335367.68996751,-5015824.3116055615,27.554337071341703,21.19466530886183,-1.2953350052657147,0.0,0.0,0.0,0.0,0.0,0.0
2068 MAY 17 02:54:42,2068 MAY 17 08:28:48,Partial,2068 MAY 17 04:03:46,-84357039.04204753,-125570730.80003694,20693.232055827975,24.23211473638964,-16.717588702319254,0.001144699709390018,-84581576.68816699,-125888708.54938744,16735.285118184984,25.08159940321688,-17.265226490780336,0.0943852609355762,-64018795.64185307,-87389693.06278442,2480905.7772424407,28.00741407675508,-20.85759222119189,-1.9040856549810767,0.0,0.0,0.0,0.0,0.0,0.0
2068 NOV 09 09:12:02,2068 NOV 09 14:20:50,Partial,2068 NOV 09 10:12:36,101362668.52440412,108090318.80632222,-18329.699943348765,-22.203793835807467,20.253944246104087,-0.001649893153050641,101617332.42787355,108348676.22015032,-14509.052879624069,-22.952709235082335,21.03468596137006,-0.10093017038661323,-97822783.89522403,44225290.61626684,6253851.250286408,-14.582698603013506,-32.077277592808706,0.39644297126718797,0.0,0.0,0.0,0.0,0.0,0.0
2069 MAY 06 06:06:44,2069 MAY 06 12:12:13,Total,2069 MAY 06 08:29:06,-106025665.94411066,-107365525.68404123,18323.393187657,20.70307599846414,-21.035991060715144,0.001916497849069998,-106317034.33185819,-107646394.9749716,19112.960180372,21.38883218931919,-21.724414112733605,0.09202902771539723,19203510.860051837,106029686.1505034,361928.99015812576,-34.57832545043589,6.065296308464908,2.078026718193904,0.0,0.0,0.0,0.0,0.0,0.0
2069 OCT 30 00:57:55,2069 OCT 30 06:11:04,Total,2069 OCT 30 02:52:28,119865694.99692695,87802749.12163796,-15622.445962674916,-18.07823587751621,23.907613953422032,-0.002278064405521363,120159329.49459596,88005712.33191793,-16141.614872694016,-18.709348515690536,24.80616872238617,-0.10429989552206287,108339184.34805146,5692078.099214653,-6168507.191342137,-1.980134970257338,34.812450128934316,0.5966358121629884,0.0,0.0,0.0,0.0,0.0,0.0
2070 APR 25 06:59:14,2070 APR 25 11:42:39,Penumbral,2070 APR 25 06:59:14,-124049457.55967848,-85140303.60386059,15457.53598337248,16.367273667244113,-24.665167783745392,0.0025916018016793885,-124386074.88150506,-85361321.10518667,21115.977484408766,16.885224958205118,-25.493255779293435,0.09229571136475379,33311835.12189228,-103599647.05485657,-3356865.8608869016,33.104332383637654,10.602842498972791,-1.7619613789286315,0.0,0.0,0.0,0.0,0.0,0.0
2070 OCT 19 16:40:36,2070 OCT 19 21:00:43,Partial,2070 OCT 19 18:13:21,134318627.35564288,64536026.90343458,-12364.051737688482,-13.378359113154135,26.725098596883377,-0.002919086349232103,134653609.96230218,64687719.22586915,-17613.083451990038,-13.856037997876367,27.680530121087983,-0.09992270179054152,-90989119.23326889,-58182573.74717664,4440280.370726645,18.62142813516292,-29.667095555491944,-1.4850195080665554,0.0,0.0,0.0,0.0,0.0,0.0
2071 MAR 15 23:29:35,2071 MAR 16 03:31:31,Penumbral,2071 MAR 15 23:29:35,-148065079.19408283,14291480.472810607,1.4244916159659624,-3.342767689764052,-29.752620249700186,0.003716971672664826,-148436458.0440688,14333768.571988951,-7506.5291335731745,-3.5062630427053127,-30.791692181519274,0.09763299379452306,5258489.8352411445,107548769.10841912,1187629.4449028447,-35.098141874401584,1.5293771809958372,2.0451095667686885,0.0,0.0,0.0,0.0,0.0,0.0
2071 SEP 09 12:54:22,2071 SEP 09 17:16:07,Penumbral,2071 SEP 09 12:54:22,146214871.4620776,-36504601.4942136,3521.6650621965528,6.72863483153157,28.776325636639058,-0.003717218284428725,146599528.1209931,-36607301.36715554,11112.010416157544,6.953148621305446,29.738609684369667,-0.09372261580309527,106203116.38439003,21789155.711425144,-5821784.630018959,-7.165992951436953,34.148495521636605,0.8866632074755039,0.0,0.0,0.0,0.0,0.0,0.0
2072 MAR 04 12:47:06,2072 MAR 04 17:57:59,Total,2072 MAR 04 14:49:55,-142445827.02293515,41403003.95219763,-4573.92677140981,-8.793525993454598,-28.70497961412831,0.003616485522675461,-142787463.0140679,41511985.31360522,-7701.2919594515115,-9.142434710805714,-29.74127635099517,0.10458962163330199,47637339.476125635,-97851562.42653531,-4103584.400954522,31.253808252771822,15.210244917511925,-1.5912738826173412,0.0,0.0,0.0,0.0,0.0,0.0
2072 AUG 28 13:03:35,2072 AUG 28 19:06:57,Total,2072 AUG 28 15:35:19,137043645.98206955,-63654685.61139117,8359.269703172147,12.060082605322327,26.892813305054933,-0.003521178592857055,137407941.53055504,-63834324.4977361,11615.842135705054,12.492138263223566,27.759041019442225,-0.09304990275320435,-82567401.58574574,-69797357.02480015,3793253.0006597303,22.36361456491671,-26.910009302632524,-1.6626417162979727,0.0,0.0,0.0,0.0,0.0,0.0
2073 FEB 22 04:48:32,2073 FEB 22 10:00:01,Total,2073 FEB 22 06:51:27,-132019451.2747694,66826077.04687723,-8993.97716236487,-13.930926535270702,-26.67834036144587,0.0033904070437209555,-132335395.64941661,66996916.95642589,-7807.431999761611,-14.430418286871816,-27.64923946616825,0.10465989955640964,-87005659.56951253,62858792.693091996,5888379.258908879,-20.64531785000125,-28.562574046252294,0.7943731924642616,0.0,0.0,0.0,0.0,0.0,0.0
2073 AUG 17 14:48:20,2073 AUG 17 20:36:10,Total,2073 AUG 17 17:20:05,123010267.22253351,-88346938.97757502,12897.405403770506,16.88731202156862,24.072899723218384,-0.0031812471424466082,123325603.0982106,-88585500.09396093,11350.82810742408,17.51662593105069,24.843571475245398,-0.09534197056100169,43924579.85454166,98548112.70869306,-1165839.8249987662,-32.10217413410552,14.096896534387644,2.0465401449314884,0.0,0.0,0.0,0.0,0.0,0.0
2074 FEB 11 18:52:26,2074 FEB 11 22:58:32,Penumbral,2074 FEB 11 18:52:26,-116946447.22292678,90128000.21515967,-13356.727095767856,-18.659578101488652,-23.697632101211433,0.003134012901018224,-117238623.77668975,90363062.38542092,-7348.2056458853185,-19.28006566191785,-24.54303893400812,0.09775040470895568,107416426.28176071,-15825933.456731074,-6413085.393042159,4.938174506161994,34.48881282241434,0.19364350248470252,0.0,0.0,0.0,0.0,0.0,0.0
2074 JUL 08 16:25:53,2074 JUL 08 18:15:59,Penumbral,2074 JUL 08 16:25:53,41605871.87585757,-146278429.40441722,23840.272148430347,28.15707385830994,8.03385335415367,-0.0006724621032829781,41703550.06647409,-146630792.2319891,33384.41511467844,29.201285632482644,8.283889578981455,-0.09454183850691855,-72046096.35356426,-80790292.27769054,3033476.507224448,25.89097041344908,-23.471926205289492,-1.8184311791237047,0.0,0.0,0.0,0.0,0.0,0.0
2074 AUG 07 00:01:11,2074 AUG 07 03:49:43,Penumbral,2074 AUG 07 00:01:11,105164039.07610062,-109363183.88438669,16776.391897670925,20.97989075922893,20.526591660778216,-0.002641183376726808,105418509.65981929,-109638460.71739678,10302.381611682475,21.777859437498595,21.206745445524852,-0.09841218246637862,9223395.763904283,-108383616.74723016,-2035198.917936109,34.6599398304209,2.8452098333416114,-1.958993379649817,0.0,0.0,0.0,0.0,0.0,0.0
2075 JAN 02 07:49:03,2075 JAN 02 12:00:17,Penumbral,2075 JAN 02 07:49:03,-28026605.273143902,144406339.3942401,-24229.12127957493,-29.71512014492981,-5.786923600004467,0.0003978739400691822,-28097611.219799753,144803630.15953353,-32348.168523065746,-30.67143862340705,-5.976402902920268,0.0887859411812082,-95057434.08572148,49883223.02369116,6173110.612007044,-16.421690053351703,-31.17741385010346,0.5142503763845063,0.0,0.0,0.0,0.0,0.0,0.0
2075 JUN 28 07:34:30,2075 JUN 28 12:15:28,Partial,2075 JUN 28 08:38:02,15226391.379877277,-151304620.78444687,25787.522732548416,29.14150041902405,2.8688376197738417,0.00026018503439373397,15253933.489215618,-151660617.24399576,31070.288446359336,30.235830627194524,2.952614386553591,-0.10013355785051326,27919407.7790571,104128228.26074496,-164864.25449691713,-33.9417591600559,8.901163033028778,2.0805693334313045,0.0,0.0,0.0,0.0,0.0,0.0
2075 DEC 22 05:58:02,2075 DEC 22 11:53:00,Partial,2075 DEC 22 07:15:44,1446415.9700701004,147159664.12578586,-25457.1183924824,-30.259368400665245,0.17935566189886976,-0.0006249974768824523,1459548.4684063485,147563319.58216846,-29615.71619359404,-31.23223127641043,0.23105919465964536,0.08891581619516163,108483209.11159423,-2737335.3503969065,-6293014.209895637,0.7328685761106427,34.85151841633446,0.4413895989257508,0.0,0.0,0.0,0.0,0.0,0.0
