Begin time,End time,Eclipse type,Greatest eclipse time,EARTH_Position_X,EARTH_Position_Y,EARTH_Position_Z,EARTH_Velocity_X,EARTH_Velocity_Y,EARTH_Velocity_Z,MOON_Position_X,MOON_Position_Y,MOON_Position_Z,MOON_Velocity_X,MOON_Velocity_Y,MOON_Velocity_Z,SUN_Position_X,SUN_Position_Y,SUN_Position_Z,SUN_Velocity_X,SUN_Velocity_Y,SUN_Velocity_Z
2025 Mar 14 03:59:31,2025 Mar 14 09:59:31,Total,2025 Mar 14 06:59:29,-147760078.90578312,16898396.102862097,-179.8912913873995,-3.867159902439432,-29.696063079576465,0.0027934011802476055,-148157503.12731168,16953391.65928427,3001.942815203197,-4.028543770155485,-30.663381252582074,-0.08736279588563127,0.0,0.0,0.0,0.0,0.0,0.0
2025 Sep 07 15:29:41,2025 Sep 07 20:53:59,Total,2025 Sep 07 18:11:53,145536913.72627997,-39230168.740539275,1444.2775580365987,7.265674684049474,28.639103048812288,-0.0028479636084001118,145891637.34470809,-39335577.97955997,-1253.5586064186023,7.5281671203697496,29.667773902618634,0.09516192706183645,0.0,0.0,0.0,0.0,0.0,0.0
2026 Mar 03 08:47:12,2026 Mar 03 14:23:16,Total,2026 Mar 03 11:35:11,-141376769.74917006,44763717.98667386,-1726.8419424979068,-9.471938855115333,-28.49950419581504,0.0028165840542110866,-141738013.47339594,44888391.160852805,-3168.6148120678713,-9.849334317107525,-29.457401222247874,-0.09226014465575534,0.0,0.0,0.0,0.0,0.0,0.0
2026 Aug 28 01:26:25,2026 Aug 28 07:01:31,Partial,2026 Aug 28 04:14:01,136317430.5131372,-65227893.56968984,2897.6899631374336,12.368680309415078,26.749228175714375,-0.002701885452391381,136665688.86884323,-65405257.188498154,5128.473324814705,12.78721823467889,27.664899611333837,0.08974862874066704,0.0,0.0,0.0,0.0,0.0,0.0
2027 Feb 20 21:15:50,2027 Feb 21 01:13:32,Penumbral,2027 Feb 20 23:14:39,-130177788.07636671,70247086.68516207,-3167.257656622037,-14.624370577552687,-26.316041339837067,0.002766358499311905,-130493474.68567052,70426329.33146088,-9129.415827995104,-15.182732029234058,-27.24184790542882,-0.09597550074784318,0.0,0.0,0.0,0.0,0.0,0.0
2027 Aug 17 05:29:35,2027 Aug 17 09:03:22,Penumbral,2027 Aug 17 07:16:29,122157706.8786823,-89544336.07415788,4278.522679050025,17.120265573843767,23.90519112216416,-0.0025072646633239708,122480535.45122553,-89789056.81487857,11858.009580650321,17.69523049123345,24.68728241858181,0.08497711133581036,0.0,0.0,0.0,0.0,0.0,0.0
2028 Jan 12 02:12:16,2028 Jan 12 06:20:20,Partial,2028 Jan 12 04:16:19,-52781952.88812814,137326208.89325503,-7534.039173571855,-28.278313841918973,-10.793938000684577,0.001968656070825815,-52904735.30510773,137665012.88521364,-595.7431275691292,-29.293306083975793,-11.187425386796654,-0.09694602324303346,0.0,0.0,0.0,0.0,0.0,0.0
2028 Jul 06 15:49:35,2028 Jul 06 20:57:36,Partial,2028 Jul 06 18:23:33,38670638.96128677,-147087261.99536416,8147.277633343664,28.314183957651366,7.460895356224603,-0.00167764209206123,38762932.41664818,-147469872.72213206,2327.900354499102,29.294659335900135,7.65574242474372,0.08874205807647007,0.0,0.0,0.0,0.0,0.0,0.0
2028 Dec 31 14:09:31,2028 Dec 31 19:43:24,Total,2028 Dec 31 16:56:31,-25725109.239882592,144832320.6220571,-8055.831002812279,-29.802331921550707,-5.3184542522057745,0.0016340208471678941,-25781900.439242467,145206049.82373545,-5060.225811494024,-30.82333994012227,-5.519234155359041,-0.09444564657625155,0.0,0.0,0.0,0.0,0.0,0.0
2029 Jun 26 00:40:55,2029 Jun 26 06:13:44,Total,2029 Jun 26 03:27:17,11558829.854144279,-151618470.94228676,8489.051480413595,29.206168316070364,2.1530750551674935,-0.001465303637938044,11577399.898085888,-151990866.75037304,7635.319744963776,30.2600958086994,2.1629462841173175,0.09569354325770793,0.0,0.0,0.0,0.0,0.0,0.0
2029 Dec 20 19:51:18,2029 Dec 21 01:46:26,Total,2029 Dec 20 22:48:55,2935457.73230559,147139226.828479,-8286.919540195695,-30.255882997347406,0.48282176256620035,0.0012500243789525533,2953302.2089720853,147537284.73494354,-9778.780601685992,-31.24359197946232,0.49432584619985465,-0.08993226022840081,0.0,0.0,0.0,0.0,0.0,0.0
2030 Jun 15 16:21:21,2030 Jun 15 20:56:43,Partial,2030 Jun 15 18:39:01,-15221668.795146124,-151187241.8320954,8550.896787791851,29.142162369793834,-3.0935901992524437,-0.0012109755263622268,-15266461.047300333,-151543057.35921875,12539.541580664743,30.224887704743956,-3.244050745839082,0.09938330666970337,0.0,0.0,0.0,0.0,0.0,0.0
2030 Dec 09 20:20:01,2030 Dec 10 00:54:34,Penumbral,2030 Dec 09 22:37:17,32041714.334294323,143804894.91601583,-8200.829741622476,-29.54936030557673,6.364588366512098,0.0008812705509963947,32137821.23299883,144199581.91275012,-14337.473316768439,-30.489578242318313,6.596446727588553,-0.08756074176932853,0.0,0.0,0.0,0.0,0.0,0.0
2031 May 07 02:01:04,2031 May 07 05:56:13,Penumbral,2031 May 07 03:58:41,-104888880.20817876,-108517411.65788989,6783.328691896605,20.92557143470102,-20.80556476018631,-0.00012634545347292402,-105148109.57591148,-108776405.34506375,-643.4979593097357,21.70769528278568,-21.537909652720117,0.0970785852836984,0.0,0.0,0.0,0.0,0.0,0.0
2031 Jun 05 11:09:09,2031 Jun 05 12:34:28,Penumbral,2031 Jun 05 11:51:49,-41204082.341500655,-146071094.5009687,8340.64220955388,28.173527445648684,-8.195310500207091,-0.0008613235673525029,-41305071.99696254,-146416244.28837836,17487.95181740446,29.22674107934516,-8.477932788544573,0.09506500806138077,0.0,0.0,0.0,0.0,0.0,0.0
2031 Oct 30 06:01:28,2031 Oct 30 09:51:27,Penumbral,2031 Oct 30 07:56:25,119811221.81669891,87852432.66681416,-5708.590173146512,-18.09280428415374,23.901557404929143,-0.00013984682635769614,120124438.4828068,88074909.25762309,2330.730542844465,-18.647332766472832,24.76279023578779,-0.0910770652681146,0.0,0.0,0.0,0.0,0.0,0.0
2032 Apr 25 12:33:52,2032 Apr 25 18:14:06,Total,2032 Apr 25 15:24:02,-122559036.36458193,-87369191.43517321,5635.05400241875,16.80040226620647,-24.35822455449959,0.00013659678618811405,-122879320.31121318,-87585981.39112452,2473.3547448921167,17.406726477484792,-25.175080679527245,0.09403876894770094,0.0,0.0,0.0,0.0,0.0,0.0
2032 Oct 18 16:38:30,2032 Oct 18 21:52:04,Total,2032 Oct 18 19:15:15,134506011.53392276,64125743.70380416,-4395.5956967461925,-13.299107704044532,26.766555397438296,-0.0002322994274905934,134838826.73917577,64274251.2726706,-884.1379682252781,-13.7073383553719,27.76338213828326,-0.09901597950168792,0.0,0.0,0.0,0.0,0.0,0.0
2033 Apr 14 16:27:38,2033 Apr 14 22:25:37,Total,2033 Apr 14 19:26:39,-136369899.2608995,-62616405.39665436,4256.464677728121,11.941304923888616,-27.172517291384068,0.00036811270592572307,-136740739.42322856,-62775822.77036095,5863.856856968404,12.344903285413816,-28.059416252636403,0.0904656541728558,0.0,0.0,0.0,0.0,0.0,0.0
2033 Oct 08 08:34:22,2033 Oct 08 13:44:21,Total,2033 Oct 08 11:09:22,144359579.21650454,38712105.940676175,-2961.730746674716,-8.197015458767886,28.648673516990733,-0.00032942360686289915,144706642.6522144,38795093.09181239,-3911.93492743094,-8.456266226711678,29.715935790385252,-0.1021584503152051,0.0,0.0,0.0,0.0,0.0,0.0
2034 Apr 03 17:13:34,2034 Apr 03 21:32:50,Penumbral,2034 Apr 03 19:23:11,-145358241.9005606,-35289601.05250906,2705.5388361833448,6.54133120066699,-29.048243079340253,0.0005177312657861237,-145752513.9188449,-35377447.75115564,9159.631784024008,6.736346871809268,-30.0022556788779,0.0894482849251286,0.0,0.0,0.0,0.0,0.0,0.0
2034 Sep 28 01:01:37,2034 Sep 28 05:05:23,Penumbral,2034 Sep 28 03:03:32,149425337.95014712,12070255.795489596,-1427.9266350607838,-2.8815859715098147,29.56853880034691,-0.00046967837487145366,149790538.70396414,12091782.57715416,-7203.643109467653,-2.983298861069067,30.637040737932946,-0.09743143337655691,0.0,0.0,0.0,0.0,0.0,0.0
2035 Feb 22 07:16:56,2035 Feb 22 11:31:58,Penumbral,2035 Feb 22 09:24:24,-131976619.54544657,66911090.21577769,-2954.24990408838,-13.94857999177018,-26.67008754542141,0.00044155055827179124,-132308860.91978712,67087124.42966843,-10175.39059056041,-14.478217210572923,-27.572090965072345,0.09387906515706418,0.0,0.0,0.0,0.0,0.0,0.0
2035 Aug 18 23:07:03,2035 Aug 19 03:56:03,Partial,2035 Aug 19 01:31:36,124727177.04288399,-85840110.00786926,4067.2012079079163,16.39766298374722,24.41818715289083,-0.0003615636366274714,125049240.65091386,-86070697.0397425,10766.118130126019,16.947217458682207,25.24550355639118,-0.09104704687918888,0.0,0.0,0.0,0.0,0.0,0.0
2036 Feb 11 19:57:06,2036 Feb 12 01:11:29,Total,2036 Feb 11 22:34:17,-116815048.0849466,90297093.45538002,-4410.203001384729,-18.694378639187082,-23.670085848161097,0.00021167072979211821,-117093628.54232359,90524315.98475626,-7253.4778132781585,-19.400226408024373,-24.502008181318676,0.10079494011073102,0.0,0.0,0.0,0.0,0.0,0.0
2036 Aug 07 00:10:44,2036 Aug 07 06:20:41,Total,2036 Aug 07 03:15:43,106724785.3304187,-107810349.9484885,5460.704485187193,20.677811896003078,20.838147329513433,-0.00019706441442549197,107003561.88058119,-108105821.44671172,7645.178832523739,21.381205419473623,21.502927208524348,-0.0897451578895435,0.0,0.0,0.0,0.0,0.0,0.0
2037 Jan 31 11:51:25,2037 Jan 31 17:00:25,Total,2037 Jan 31 14:25:56,-97802391.18357289,110268605.01944807,-5693.770778784477,-22.760720062908526,-19.869378294186653,1.088419376422147e-05,-98032741.6384782,110542944.41383384,-4253.597296085686,-23.586849521780174,-20.58745419949359,0.10132843201932551,0.0,0.0,0.0,0.0,0.0,0.0
2037 Jul 27 01:47:58,2037 Jul 27 07:24:41,Partial,2037 Jul 27 04:36:17,84982069.79116865,-125920915.35498287,6661.874230542338,24.19765224526114,16.547042720514597,4.7725130951622485e-05,85196490.47485077,-126255731.43970525,3956.7183236555857,25.04846920255526,17.05205476247682,-0.09133541335777515,0.0,0.0,0.0,0.0,0.0,0.0
2038 Jan 21 02:19:24,2038 Jan 21 06:18:20,Penumbral,2038 Jan 21 04:18:55,-75276766.5373399,126510147.63867605,-6792.396318107445,-26.073756585244055,-15.337261410891758,-0.00014777250713140185,-75460752.96103849,126834374.62950125,-583.075223027839,-26.967757411477827,-15.896769378359947,0.09470780907146495,0.0,0.0,0.0,0.0,0.0,0.0
2038 Jun 17 01:44:02,2038 Jun 17 04:41:18,Penumbral,2038 Jun 17 03:12:38,-11615425.707554104,-151525892.42261624,8491.108596249158,29.205149031768325,-2.386498655610382,0.0011191650505687548,-11648030.808951868,-151892140.01083905,17217.951072391155,30.264729886585446,-2.521355443092262,-0.09289176171769967,0.0,0.0,0.0,0.0,0.0,0.0
2038 Jul 16 10:32:45,2038 Jul 16 13:35:43,Penumbral,2038 Jul 16 12:04:12,60935613.7582025,-139297382.84387276,7610.508723642691,26.796178153683844,11.823377008750823,0.0003353870858430847,61081306.2355869,-139645670.8977036,-101.7555445758273,27.772721868852,12.185127572907339,-0.09399447732944606,0.0,0.0,0.0,0.0,0.0,0.0
2038 Dec 11 16:09:43,2038 Dec 11 20:29:28,Penumbral,2038 Dec 11 18:19:37,27260961.85047434,144753476.8052294,-8207.011027147522,-29.74749571133886,5.399885558888341,-0.0012215001843153377,27341592.09682605,145147746.51194146,-16056.130440364363,-30.70958260255448,5.574323487379684,0.08747047011105392,0.0,0.0,0.0,0.0,0.0,0.0
2039 Jun 06 16:57:48,2039 Jun 06 21:53:26,Partial,2039 Jun 06 19:25:37,-38074126.67627705,-146944787.84426847,8434.559218277773,28.340084711344716,-7.5794136943152735,0.0014976524547762986,-38172203.696302526,-147288283.78377149,12707.605109485889,29.393496298812504,-7.885935130335105,-0.09917656800653321,0.0,0.0,0.0,0.0,0.0,0.0
2039 Nov 30 14:35:20,2039 Nov 30 20:34:17,Partial,2039 Nov 30 17:34:47,55612455.805496484,136652937.59315568,-7956.683547831126,-28.065677464773454,11.11281038735756,-0.0015614563083649964,55773592.7789649,137024275.37245488,-11803.332408525057,-28.95066196947495,11.514548563968226,0.08784229047991916,0.0,0.0,0.0,0.0,0.0,0.0
2040 May 26 09:42:43,2040 May 26 15:01:16,Total,2040 May 26 12:22:02,-63175906.31066153,-137758655.9239524,8112.908304660204,26.581573665897373,-12.523702822663045,0.0017761716617688136,-63336153.04812709,-138084608.91781843,7786.115722180715,27.56502922729012,-12.970907598996464,-0.0980901613537096,0.0,0.0,0.0,0.0,0.0,0.0
2040 Nov 18 16:50:59,2040 Nov 18 22:41:23,Total,2040 Nov 18 19:46:07,81428423.76238917,123403207.91676679,-7408.195391363994,-25.338757469150803,16.288148885626107,-0.0019170928625490422,81650992.91235402,123722467.76708218,-6776.889859585595,-26.143473201223117,16.900681197790522,0.09151481815859874,0.0,0.0,0.0,0.0,0.0,0.0
2041 May 15 23:12:50,2041 May 16 03:35:56,Partial,2041 May 16 01:24:26,-86561982.22200494,-124022280.36487243,7533.108142773826,23.933168538627836,-17.153969812857202,0.0019679982338402747,-86787129.50044648,-124330605.66247825,1978.5771318163663,24.792520082485318,-17.722420807946406,-0.09101543122588457,0.0,0.0,0.0,0.0,0.0,0.0
2041 Nov 08 03:07:59,2041 Nov 08 07:29:57,Partial,2041 Nov 08 05:18:56,103524297.75088839,106064267.38570268,-6609.985008951031,-21.793628414825438,20.686740809036134,-0.0022372596286648495,103787528.03368686,106321977.98284847,-1420.8138294205144,-22.512868960725687,21.474071940072175,0.09554139630149035,0.0,0.0,0.0,0.0,0.0,0.0
2042 Apr 05 13:03:41,2042 Apr 05 17:33:27,Penumbral,2042 Apr 05 15:18:35,-144228731.31693956,-39954973.906853445,2948.1376733026254,7.465514901122152,-28.808152391884096,0.0026527561034443143,-144621374.5586548,-40056990.32743558,10562.984198203018,7.717168010998623,-29.744349869950522,-0.08517935522507297,0.0,0.0,0.0,0.0,0.0,0.0
2042 Sep 29 09:33:13,2042 Sep 29 13:32:10,Partial,2042 Sep 29 11:32:42,149035386.87190086,15630679.269492948,-1610.1151122789363,-3.590270269835954,29.502486811919013,-0.002851277981209481,149391791.96325865,15661294.59635705,-8719.223132778914,-3.696022294994447,30.59321356031395,0.0963372724215086,0.0,0.0,0.0,0.0,0.0,0.0
2043 Mar 25 12:25:14,2043 Mar 25 18:23:10,Total,2043 Mar 25 15:24:10,-148748499.22635654,-11315097.443911556,1413.8792495615896,1.7748992550861473,-29.802993373840447,0.0027695655783697877,-149148445.63891518,-11336051.409550041,4692.0747395770295,1.7974022903311002,-30.78517066832492,-0.08748105354525308,0.0,0.0,0.0,0.0,0.0,0.0
2043 Sep 19 00:02:13,2043 Sep 19 05:26:27,Total,2043 Sep 19 02:44:23,149849164.56611213,-11615500.472147735,-132.36643565331684,1.8171060985092793,29.57629766036402,-0.002867451607495712,150218268.01887035,-11653537.33029117,-3057.6133386108254,1.8836374694608398,30.633151253013875,0.09486308906452967,0.0,0.0,0.0,0.0,0.0,0.0
2044 Mar 13 17:47:00,2044 Mar 13 23:21:51,Total,2044 Mar 13 20:34:22,-147732739.75476125,17108929.584454,-134.38327571031408,-3.909067165991077,-29.69062631754553,0.002856155284616224,-148110041.21788257,17162498.985842712,-1533.2103134595811,-4.097952603073493,-30.70552682059419,-0.09246803326978414,0.0,0.0,0.0,0.0,0.0,0.0
2044 Sep 07 09:29:41,2044 Sep 07 15:09:33,Partial,2044 Sep 07 12:19:40,145595108.56238952,-38998983.45168208,1372.6067059269105,7.2204077286335,28.65199028730855,-0.0027789541261879266,145971063.40012693,-39109773.361145,3314.9629788360057,7.464167796626257,29.62590941763506,0.08951632591722843,0.0,0.0,0.0,0.0,0.0,0.0
2045 Mar 03 06:45:04,2045 Mar 03 10:41:57,Penumbral,2045 Mar 03 08:43:29,-141587204.04059976,44126552.104033835,-1632.9876239034427,-9.343443759491189,-28.539173594377925,0.002864316198458912,-141930765.94403425,44241811.28223881,-7590.818312811461,-9.713382640221992,-29.556932300129436,-0.09601555635486164,0.0,0.0,0.0,0.0,0.0,0.0
2045 Aug 27 13:04:56,2045 Aug 27 16:55:52,Penumbral,2045 Aug 27 15:00:25,136133269.54376277,-65624254.9582306,2858.8381135904774,12.446246404131195,26.71246816452525,-0.0026420980851585285,136495443.60085163,-65806545.36869189,10058.895698005499,12.871604221535991,27.58404619032495,0.08503068159206627,0.0,0.0,0.0,0.0,0.0,0.0
2046 Jan 22 12:03:37,2046 Jan 22 16:14:32,Partial,2046 Jan 22 14:09:06,-78508601.00592367,124553853.60429835,-6672.092565998573,-25.674199963825586,-15.988814468517567,0.002246150336850708,-78695078.29929905,124862876.91781874,185.67070281776,-26.591375707532656,-16.5722534266306,-0.09658688065234881,0.0,0.0,0.0,0.0,0.0,0.0
2046 Jul 17 23:44:38,2046 Jul 18 04:43:09,Partial,2046 Jul 18 02:13:51,64594303.35074192,-137623810.54808572,7476.110040366945,26.471255323028988,12.54126343815924,-0.001953930339688459,64754005.52297314,-137982320.587223,1306.0800004657922,27.40320202961806,12.910727041063215,0.08847231120464624,0.0,0.0,0.0,0.0,0.0,0.0
2047 Jan 11 23:52:18,2047 Jan 12 05:28:08,Total,2047 Jan 12 02:40:16,-53382996.36783607,137095058.07903555,-7466.634204432379,-28.231937876731344,-10.915529534794912,0.0019378567088984993,-53511647.135612264,137451582.40361786,-4577.151568418811,-29.191916672639962,-11.31008142906706,-0.09389529765849093,0.0,0.0,0.0,0.0,0.0,0.0
2047 Jul 07 09:01:45,2047 Jul 07 14:33:08,Total,2047 Jul 07 11:47:24,38817871.67204099,-147048665.08215174,8086.365880049303,28.305897143450256,7.489631901894375,-0.0017637092344235988,38903294.5098371,-147410448.11830357,6872.880827015391,29.343449874923493,7.691580572126471,0.09560652943234481,0.0,0.0,0.0,0.0,0.0,0.0
2048 Jan 01 05:18:13,2048 Jan 01 11:13:16,Total,2048 Jan 01 08:15:47,-25659044.331068244,144843835.11076635,-7999.088080381641,-29.805328743301423,-5.305349937657982,0.0015715505952222863,-25718921.341016464,145238522.99989435,-9604.513464398366,-30.77486942116853,-5.484264243304143,-0.08942756671533336,0.0,0.0,0.0,0.0,0.0,0.0
2048 Jun 26 00:58:52,2048 Jun 26 05:39:48,Partial,2048 Jun 26 03:19:19,12456861.811258048,-151549749.08859718,8423.821396744488,29.191760281057515,2.3284781429257055,-0.0015192603846990963,12477158.624562318,-151907420.41662,12050.022433166827,30.284799132887034,2.3785773233276934,0.0992727618234039,0.0,0.0,0.0,0.0,0.0,0.0
2048 Dec 20 05:41:32,2048 Dec 20 10:13:03,Penumbral,2048 Dec 20 07:57:17,3580815.1519929436,147127446.90285712,-8230.48594677082,-30.25323501105273,0.6130021012756526,0.0012092792908613944,3598590.05431681,147533168.41679606,-14461.941521373756,-31.220770846338386,0.6599838521040391,-0.08723071099699105,0.0,0.0,0.0,0.0,0.0,0.0
2049 May 17 10:57:30,2049 May 17 14:44:02,Penumbral,2049 May 17 12:50:48,-83371222.755371,-126247145.4502996,7667.135455379176,24.362937101943277,-16.520209780056305,-0.0003819369279307529,-83578738.1516342,-126550322.0762511,-6.758392004821817,25.26524035738217,-17.0931267741338,0.09642574924262616,0.0,0.0,0.0,0.0,0.0,0.0
2049 Jun 15 19:40:07,2049 Jun 15 21:35:00,Penumbral,2049 Jun 15 20:37:35,-14008659.018325955,-151311002.62464187,8491.252363571602,29.165123985828938,-2.8564302682772715,-0.0011695874710241463,-14046214.534793524,-151669278.4498965,17255.26833999673,30.25037726545041,-2.943415484078555,0.09491261153231663,0.0,0.0,0.0,0.0,0.0,0.0
2049 Nov 09 15:28:19,2049 Nov 09 19:18:12,Penumbral,2049 Nov 09 17:23:13,100560415.77818069,108802502.450228,-6782.975109005809,-22.35233174332716,20.099181102182815,0.00010076141094919727,100824688.64230229,109079865.85528703,1241.3466680083554,-23.06295571312849,20.84089362065978,-0.09107428350151581,0.0,0.0,0.0,0.0,0.0,0.0
2050 May 06 21:15:29,2050 May 07 02:54:35,Total,2050 May 07 00:05:05,-104626038.10418078,-108777708.58877955,6745.745363636122,20.976702562470972,-20.7535420758377,-8.548376524680347e-05,-104901578.45615204,-109050761.55957973,3341.6463999551593,21.720936124699225,-21.442597247116655,0.09348496521577276,0.0,0.0,0.0,0.0,0.0,0.0
2050 Oct 30 02:20:47,2050 Oct 30 07:33:25,Total,2050 Oct 30 04:57:04,119513515.33801188,88244838.63480236,-5672.513670318845,-18.171875732261142,23.84253464267147,-3.8026081539222414e-05,119811412.70605844,88453409.7688179,-2128.5245210116855,-18.764505229548583,24.74469641023635,-0.0990426238988011,0.0,0.0,0.0,0.0,0.0,0.0
2051 Apr 26 00:57:59,2051 Apr 26 06:58:20,Total,2051 Apr 26 03:58:11,-122761668.3781336,-87074261.79474875,5562.485009287854,16.743270575912558,-24.399509404116785,0.00018640882859089725,-123096954.65535404,-87299940.85749076,6945.0932280758225,17.30188333381193,-25.196294020737472,0.09020442105555652,0.0,0.0,0.0,0.0,0.0,0.0
2051 Oct 19 18:17:39,2051 Oct 19 23:28:28,Total,2051 Oct 19 20:53:04,134028898.87937441,65077804.086421676,-4391.476616539689,-13.490331557643863,26.674238266741575,-0.00018896126753148297,134354060.10015005,65224844.53974048,-5258.180727930562,-13.948289568215218,27.672496507474587,-0.1020242886431021,0.0,0.0,0.0,0.0,0.0,0.0
2052 Apr 14 01:54:57,2052 Apr 14 06:19:58,Penumbral,2052 Apr 14 04:07:26,-136639644.0749577,-61998805.63643116,4164.84598797562,11.820044525962027,-27.2278727661489,0.00038370051962807343,-137010159.64199513,-62158355.71245584,10426.126957827106,12.188049022108576,-28.13076811343811,0.08951473783137257,0.0,0.0,0.0,0.0,0.0,0.0
2052 Oct 08 10:30:39,2052 Oct 08 14:38:41,Partial,2052 Oct 08 12:34:42,144055175.42768696,39761188.68414688,-2960.004689608292,-8.406582815025223,28.591990534096215,-0.00038602250925571515,144410688.14237136,39850970.47320122,-8619.778432707519,-8.707246286220013,29.619990778651147,-0.09720249234711785,0.0,0.0,0.0,0.0,0.0,0.0
2053 Mar 04 17:08:30,2053 Mar 04 21:23:21,Penumbral,2053 Mar 04 19:15:53,-142729369.43191367,40480713.61432132,-1406.5623365428983,-8.608377078912921,-28.758344960816775,0.0005267920685085092,-143088224.2791487,40589553.32055986,-8588.790206240992,-8.955829178856177,-29.747749308054008,0.09422168675062434,0.0,0.0,0.0,0.0,0.0,0.0
2053 Aug 29 07:43:30,2053 Aug 29 12:25:01,Partial,2053 Aug 29 10:04:18,138022287.5205096,-61400912.062936954,2613.6662659724907,11.619126213410008,27.095419034739386,-0.0004903228925609152,138382130.19061646,-61568762.37862895,9598.434917192892,12.007604558825083,28.006888678368124,-0.09083540095646638,0.0,0.0,0.0,0.0,0.0,0.0
2054 Feb 22 06:14:05,2054 Feb 22 11:28:07,Total,2054 Feb 22 08:51:05,-132336318.3224258,66219406.234509096,-2969.143616054829,-13.808404384581479,-26.740050025380963,0.0003560264101575042,-132653116.05187841,66388451.180357516,-5752.833248660034,-14.33966433273187,-27.694290635572646,0.10109062270070159,0.0,0.0,0.0,0.0,0.0,0.0
2054 Aug 18 08:28:50,2054 Aug 18 14:37:16,Total,2054 Aug 18 11:33:03,124348095.36956127,-86401660.93469626,4153.369416636803,16.50702103574118,24.342938812518284,-0.0003723865895699493,124676100.9045389,-86641345.72830841,6684.273130116566,17.079292079133086,25.123432922431878,-0.08986165847929152,0.0,0.0,0.0,0.0,0.0,0.0
2055 Feb 11 22:19:35,2055 Feb 12 03:28:07,Total,2055 Feb 12 00:53:52,-117526197.07377632,89389524.40207995,-4410.246679454366,-18.510232004926443,-23.811229785411932,0.00021145375992209426,-117805665.90131384,89614263.11090443,-2877.9202054051934,-19.17943563424414,-24.675981125107498,0.10138526817257301,0.0,0.0,0.0,0.0,0.0,0.0
2055 Aug 07 10:15:41,2055 Aug 07 15:56:26,Partial,2055 Aug 07 13:06:01,106301259.9071658,-108235616.92375658,5543.643856591032,20.76001622016586,20.754387759099547,-0.0001671543326583898,106572192.814595,-108525272.20844719,3214.610353453475,21.507954812329178,21.405883493616795,-0.09182664865032558,0.0,0.0,0.0,0.0,0.0,0.0
2056 Feb 01 12:45:59,2056 Feb 01 16:41:14,Penumbral,2056 Feb 01 14:43:39,-98550028.23649894,109611284.04957859,-5714.26711716722,-22.62744289854064,-20.019408102667665,0.00010123152431106754,-98794233.15013306,109894213.83654028,639.6732897065515,-23.39309127574496,-20.740965149530652,0.09462389604946103,0.0,0.0,0.0,0.0,0.0,0.0
2056 Jun 27 10:58:43,2056 Jun 27 13:38:24,Penumbral,2056 Jun 27 12:18:32,16126213.937247751,-151211470.61453044,8317.795262383042,29.12420450560714,3.047010375455474,0.0008134979229396032,16161145.170344414,-151576541.93819216,17295.85153742388,30.19310712582833,3.1098657069821463,-0.09320950030471055,0.0,0.0,0.0,0.0,0.0,0.0
2056 Jul 26 19:21:08,2056 Jul 26 22:41:00,Penumbral,2056 Jul 26 21:01:01,85138388.69127794,-125814199.52291572,6712.8389334751655,24.17629548071389,16.577445578409822,8.820781330488163e-05,85343805.68288074,-126129505.01208508,-594.6560961271488,25.07419258420574,17.11137388545827,-0.09476583088872578,0.0,0.0,0.0,0.0,0.0,0.0
2056 Dec 22 02:07:47,2056 Dec 22 06:32:05,Penumbral,2056 Dec 22 04:19:58,-1364471.5861490679,147145958.4986826,-8185.699458955861,-30.260666754505746,-0.3872939758468277,-0.0008916576939266501,-1361820.6073888114,147548927.43005034,-15943.766245485698,-31.236997384121736,-0.401193203762485,0.08772979535133686,0.0,0.0,0.0,0.0,0.0,0.0
2057 Jun 17 02:22:50,2057 Jun 17 07:14:19,Partial,2057 Jun 17 04:48:34,-10680407.22743624,-151599490.26444656,8542.53345822674,29.218239407002205,-2.203501096343321,0.00118891369534058,-10714107.487522097,-151955023.04799613,13114.934924293957,30.310384654342908,-2.310394553699193,-0.09941129328864103,0.0,0.0,0.0,0.0,0.0,0.0
2057 Dec 11 00:33:10,2057 Dec 11 06:32:54,Partial,2057 Dec 11 03:33:01,28049988.017027877,144608045.586381,-8254.594211792648,-29.717219011582554,5.558648065772305,-0.0012406393157617503,28136122.604104154,145003180.17803976,-12010.85533661085,-30.663796443649517,5.783307602460631,0.08826917066903982,0.0,0.0,0.0,0.0,0.0,0.0
2058 Jun 06 19:07:00,2058 Jun 07 00:27:27,Total,2058 Jun 06 21:47:16,-37012230.01001366,-147224531.60795468,8498.70672735141,28.3934606123436,-7.371214671580748,0.0014734634119050653,-37110452.35938852,-147575071.54745516,8471.84637552202,29.440211790258548,-7.629104220175249,-0.0982008322758413,0.0,0.0,0.0,0.0,0.0,0.0
2058 Nov 30 03:06:24,2058 Nov 30 08:55:24,Total,2058 Nov 30 06:00:50,55940078.03292228,136522986.06460547,-8008.25149792367,-28.038469437388187,11.178137698729694,-0.0016173378216392607,56096399.64871071,136878304.67108962,-7304.5964758580585,-28.948511454460355,11.625212284853202,0.09206801136330199,0.0,0.0,0.0,0.0,0.0,0.0
2059 May 27 08:22:41,2059 May 27 12:54:10,Partial,2059 May 27 10:38:29,-62513893.34706559,-138068302.53487805,8188.747166582496,26.64159848102454,-12.39355448695888,0.0016835155121033747,-62679440.12465838,-138413686.13762394,2921.3961642952104,27.587323751865675,-12.794198168764481,-0.09119402318304282,0.0,0.0,0.0,0.0,0.0,0.0
2059 Nov 19 13:41:08,2059 Nov 19 18:01:40,Partial,2059 Nov 19 15:51:21,80964858.63620342,123700335.56945357,-7480.078150165861,-25.399014100093463,16.19516496746123,-0.0019670280391638744,81173047.07813978,124003173.71666919,-2258.374773798024,-26.25904806525799,16.829809563591585,0.09603617512436927,0.0,0.0,0.0,0.0,0.0,0.0
2060 Apr 15 22:23:08,2060 Apr 16 02:46:20,Penumbral,2060 Apr 16 00:34:44,-134635181.91239178,-66418509.7512644,4384.402307926657,12.689904434944625,-26.8161641457395,0.00250973670346229,-135001938.81509808,-66592394.46723767,12157.128595082959,13.110436682253415,-27.689000371639537,-0.0851555247261307,0.0,0.0,0.0,0.0,0.0,0.0
2060 Oct 09 19:49:43,2060 Oct 09 23:46:11,Penumbral,2060 Oct 09 21:47:58,142974519.66995233,43276776.27766786,-3133.1283415691437,-9.110777726541805,28.38795937137103,-0.002757081021684034,143319012.49040428,43374121.30006662,-10343.932652069987,-9.421931568763297,29.43795522684937,0.09634543517853762,0.0,0.0,0.0,0.0,0.0,0.0
2061 Apr 04 22:02:37,2061 Apr 05 03:58:16,Total,2061 Apr 05 01:00:24,-144409300.70716777,-39251396.49937694,2962.642046719648,7.326647971669907,-28.846095138445232,0.002686348013111665,-144797399.2327587,-39347147.478234276,6346.862604593484,7.532663230881745,-29.808586075989695,-0.08766528922215477,0.0,0.0,0.0,0.0,0.0,0.0
2061 Sep 29 10:00:53,2061 Sep 29 15:25:26,Total,2061 Sep 29 12:43:12,148919841.0099485,16554926.887050739,-1712.450467130669,-3.774009785621438,29.483120790308387,-0.0028282598359221684,149290534.33585864,16586718.535909563,-4791.869989486162,-3.9068519003316995,30.531025897243588,0.09463754675627206,0.0,0.0,0.0,0.0,0.0,0.0
2062 Mar 25 03:59:04,2062 Mar 25 09:32:45,Total,2062 Mar 25 06:45:51,-148749983.4226347,-11294080.641624397,1470.7893811460976,1.7708880995312781,-29.802672453627423,0.0028342994588593795,-149129527.67692485,-11313065.315816164,123.78394887645028,1.7782351155421277,-30.837747251395047,-0.09274030276253252,0.0,0.0,0.0,0.0,0.0,0.0
2062 Sep 18 18:59:34,2062 Sep 19 00:43:08,Total,2062 Sep 18 21:51:24,149869441.4436089,-11275010.964205764,-210.17561153602563,1.7497890781536474,29.582139165352228,-0.0027993204278408987,150260478.52355188,-11314249.880517982,1519.6238984722715,1.8095598162727307,30.581641936196917,0.08933138599309881,0.0,0.0,0.0,0.0,0.0,0.0
2063 Mar 14 17:26:47,2063 Mar 14 21:22:59,Penumbral,2063 Mar 14 19:24:51,-147841822.186936,16263646.013714395,-28.938851444217615,-3.739714061739814,-29.70909140979025,0.0029010521410443896,-148200489.65073326,16310958.169968497,-5976.998903009164,-3.906835882147949,-30.780698639242136,-0.09610992912694746,0.0,0.0,0.0,0.0,0.0,0.0
2063 Sep 07 22:09:14,2063 Sep 08 02:12:38,Penumbral,2063 Sep 08 00:10:57,145513975.11772063,-39318814.65203981,1328.99209522237,7.283168916529537,28.63553915073974,-0.0027239021262532716,145903729.19528735,-39431627.07056923,8230.599474324947,7.543374713983242,29.569113599122467,0.08509547382030475,0.0,0.0,0.0,0.0,0.0,0.0
2064 Feb 02 23:11:08,2064 Feb 03 03:25:18,Partial,2064 Feb 03 01:18:15,-101398383.37208393,107025289.72305296,-5557.5619162261455,-22.099962472970322,-20.59032289144499,0.002484834457719665,-101641809.56171547,107292582.38447358,1203.4439228664783,-22.88385445569394,-21.340970455783637,-0.0962639025447524,0.0,0.0,0.0,0.0,0.0,0.0
2064 Jul 28 09:02:33,2064 Jul 28 13:52:02,Partial,2064 Jul 28 11:27:15,88470587.00982541,-123461819.97447896,6550.899187839205,23.71970839593099,17.23383534620116,-0.0022036394644774837,88692401.94688986,-123784239.03488216,75.85104634624786,24.57154040858098,17.767902590502242,0.08825112359324573,0.0,0.0,0.0,0.0,0.0,0.0
2065 Jan 22 10:52:50,2065 Jan 22 16:30:40,Total,2065 Jan 22 13:41:48,-79160255.41163214,124145418.24614213,-6593.7512323832,-25.591554342165782,-16.120358108662952,0.002213738251745057,-79356478.9905603,124470868.38399448,-3838.383313419879,-26.453818261461205,-16.693266567764915,-0.09337593873286926,0.0,0.0,0.0,0.0,0.0,0.0
2065 Jul 17 18:43:42,2065 Jul 18 00:13:23,Total,2065 Jul 17 21:28:30,64901714.58909584,-137478048.21734133,7407.931167833175,26.44221084244656,12.601329966009395,-0.002044082212532502,65051121.310703166,-137817241.01076075,5871.270129908798,27.428073206373984,12.990759048984913,0.09553194979376499,0.0,0.0,0.0,0.0,0.0,0.0
2066 Jan 11 16:05:24,2066 Jan 11 21:59:47,Total,2066 Jan 11 19:02:38,-53429491.218213454,137076797.78936183,-7407.003869227369,-28.228815024917957,-10.925340479892732,0.0018774008184429896,-53565487.99510374,137452869.755904,-9166.290040562044,-29.14360441755885,-11.288253367992931,-0.08893801382653262,0.0,0.0,0.0,0.0,0.0,0.0
2066 Jul 07 10:55:15,2066 Jul 07 15:40:54,Partial,2066 Jul 07 13:18:04,39849827.82470819,-146771870.9097884,8008.354961162437,28.251424755859098,7.691200476797922,-0.0018184039884001735,39934705.82486371,-147119581.77043015,11300.164952708716,29.31756287851088,7.941416999330597,0.09914190049207022,0.0,0.0,0.0,0.0,0.0,0.0
2066 Dec 31 16:26:59,2066 Dec 31 20:53:24,Penumbral,2066 Dec 31 18:40:11,-25163597.53434226,144931083.79095504,-7946.964049345186,-29.823058116331325,-5.205469174210651,0.001534580623319923,-25225366.477835044,145332316.7158087,-14327.711178520127,-30.78177028079303,-5.34671055503326,-0.08688339337360007,0.0,0.0,0.0,0.0,0.0,0.0
2067 May 28 21:06:40,2067 May 29 00:43:49,Penumbral,2067 May 28 22:55:16,-58877520.98756485,-139701466.5318082,8293.694497015655,26.954756827397187,-11.67581837961838,-0.0006643068427411136,-59025886.40136778,-140038642.59671244,374.38426406607607,27.945259002026344,-12.070181212794935,0.09573921396658892,0.0,0.0,0.0,0.0,0.0,0.0
2067 Jun 27 05:31:01,2067 Jun 27 07:47:40,Penumbral,2067 Jun 27 06:39:22,13799527.301058056,-151436546.82501063,8349.878000521685,29.16911579896287,2.5907103266464278,-0.0014778762917093998,13827294.171631161,-151796367.04743466,16769.2460802148,30.250225949759102,2.7028319102297034,0.09470673432217581,0.0,0.0,0.0,0.0,0.0,0.0
2067 Nov 21 02:22:06,2067 Nov 21 06:14:43,Penumbral,2067 Nov 21 04:18:22,77493020.7082414,125847944.02001187,-7615.593946738146,-25.840211385054175,15.501186230890806,0.00038255360513709863,77698363.10024446,126170127.48425862,329.32172190734076,-26.68270977284599,16.093693914933084,-0.09107807335431929,0.0,0.0,0.0,0.0,0.0,0.0
2068 May 17 07:08:02,2068 May 17 12:45:42,Total,2068 May 17 09:56:55,-82983172.62884542,-126509053.43139055,7628.952968008589,24.414173702205268,-16.443639955923526,-0.0003432411028556424,-83204208.07562,-126829234.75544354,3976.9333326737697,25.269975670412816,-16.9823431218592,0.09289465987854695,0.0,0.0,0.0,0.0,0.0,0.0
2068 Nov 09 13:30:34,2068 Nov 09 18:43:01,Total,2068 Nov 09 16:06:46,100054195.89863028,109255993.75427893,-6748.892602821972,-22.44427498410924,19.99825460153738,0.0002049875846767839,100305991.45903829,109517359.8879168,-3243.682884241218,-23.20163897964923,20.770234595018017,-0.09903450284170376,0.0,0.0,0.0,0.0,0.0,0.0
2069 May 06 10:39:01,2069 May 06 16:41:35,Total,2069 May 06 13:40:20,-104804591.2563642,-108600458.92711616,6679.569043544625,20.942859972669687,-20.789410867789325,-3.92332129909292e-05,-105092626.21080033,-108884630.39350058,7827.458558860527,21.63703898398329,-21.469653528316137,0.08990498578844011,0.0,0.0,0.0,0.0,0.0,0.0
2069 Oct 30 05:28:32,2069 Oct 30 10:39:44,Total,2069 Oct 30 08:04:08,118765512.08135095,89218170.62794231,-5667.779162885048,-18.368679425684277,23.695647424589783,5.527420484808155e-06,119056636.73117763,89424661.8356237,-6528.030647589619,-19.0104328108242,24.586779441314754,-0.10181216497388575,0.0,0.0,0.0,0.0,0.0,0.0
2070 Apr 25 11:47:48,2070 Apr 25 16:18:36,Penumbral,2070 Apr 25 14:03:10,-123058169.40319492,-86640556.04434125,5481.101309479179,16.658726112628848,-24.459222139292493,0.00019852684695590068,-123392060.50735728,-86865908.9879898,11538.105370220965,17.187384312364014,-25.28014270854575,0.08953953393621746,0.0,0.0,0.0,0.0,0.0,0.0
2070 Oct 19 21:27:51,2070 Oct 20 01:37:56,Partial,2070 Oct 19 23:32:56,133469927.46815483,66171662.42535861,-4390.254031110786,-13.710422714608251,26.566643302957303,-0.00024512571376967483,133802703.29571229,66327625.83051505,-10016.77186017086,-14.20064326226979,27.516408117877756,-0.09686234300598572,0.0,0.0,0.0,0.0,0.0,0.0
2071 Mar 16 04:12:49,2071 Mar 16 08:27:15,Penumbral,2071 Mar 16 06:19:59,-148273375.9640294,12437765.308670139,203.4356544968337,-2.972613717860613,-29.783846644501864,0.0005505996001724964,-148645448.8785258,12475810.123564,-6945.636283467993,-3.1241015975167468,-30.824115490625434,0.09449556155260372,0.0,0.0,0.0,0.0,0.0,0.0
2071 Sep 09 17:44:46,2071 Sep 09 22:20:15,Penumbral,2071 Sep 09 20:02:33,146609538.19468358,-34707273.82099891,1059.8207205525252,6.375572895813693,28.865285158811183,-0.0005649276069237418,146995161.43920055,-34805640.397084005,8263.630037502458,6.58908898646389,29.830510696288265,-0.09060720573306619,0.0,0.0,0.0,0.0,0.0,0.0
2072 Mar 04 17:44:07,2072 Mar 04 22:57:47,Total,2072 Mar 04 20:20:56,-143000503.08615214,39565008.384060666,-1409.5713607105272,-8.423901046995825,-28.809448933950392,0.00044145178823452955,-143343587.35154226,39669705.95603966,-4135.573614326269,-8.759919411942219,-29.849704277091263,0.10131061445640138,0.0,0.0,0.0,0.0,0.0,0.0
2072 Aug 28 18:12:57,2072 Aug 29 00:19:50,Total,2072 Aug 28 21:16:24,137800782.84984532,-61914554.805884086,2696.3720448260133,11.719427126042183,27.05088127279023,-0.0004992322071611296,138167271.48304138,-62089740.57879469,5504.85492712737,12.140362325021647,27.922520463353667,-0.08994412542593477,0.0,0.0,0.0,0.0,0.0,0.0
2073 Feb 22 10:01:28,2073 Feb 22 15:09:26,Total,2073 Feb 22 12:35:28,-132929480.4203538,65058374.90018666,-2956.040271975065,-13.573747391956086,-26.85616499567822,0.0003579270496012832,-133247621.84130603,65224850.57521053,-1325.844301202942,-14.060431467519694,-27.833920519958255,0.10136939268698288,0.0,0.0,0.0,0.0,0.0,0.0
2073 Aug 17 20:09:45,2073 Aug 18 01:53:15,Partial,2073 Aug 17 23:01:27,124105285.51254016,-86758859.9885543,4231.930808498603,16.5761638928297,24.29437751030129,-0.00034047575347050216,124423863.37325078,-86993445.73442481,2213.7383664426134,17.19482727938991,25.072938410841918,-0.09226357229761904,0.0,0.0,0.0,0.0,0.0,0.0
2074 Feb 12 00:27:28,2074 Feb 12 04:18:22,Penumbral,2074 Feb 12 02:22:57,-118214027.06904067,88497463.88550569,-4418.679263399749,-18.329580053900724,-23.948224973414895,0.00030327558844879825,-118509478.89321023,88727930.44905171,2094.532615949644,-18.937804804581113,-24.803472810737688,0.09447831663808896,0.0,0.0,0.0,0.0,0.0,0.0
2074 Jul 08 21:33:03,2074 Jul 08 23:54:35,Penumbral,2074 Jul 08 22:43:47,43456578.12859177,-145741167.43751398,7856.639901338882,28.05047190380975,8.397745443765885,0.0005181691615381667,43557823.30306309,-146092700.41893387,17055.725402245695,29.09169577877982,8.658054652446934,-0.09353469582498207,0.0,0.0,0.0,0.0,0.0,0.0
2074 Aug 07 05:35:26,2074 Aug 07 09:07:58,Penumbral,2074 Aug 07 07:21:39,106567972.84267949,-107968696.86976482,5585.402268753371,20.70754572265647,20.80670764812445,-0.000125330794676515,106826509.84750375,-108240517.56757052,-1379.2303294822111,21.4953089547838,21.497627422148607,-0.09545397524883144,0.0,0.0,0.0,0.0,0.0,0.0
2075 Jan 02 13:26:53,2075 Jan 02 17:57:14,Penumbral,2075 Jan 02 15:42:05,-30082474.86727274,143987458.25132963,-7851.701697031528,-29.632613762013406,-6.2009903861273505,-0.0005669627203623952,-30158564.49349793,144383696.23460957,-15473.497649925279,-30.58658873226932,-6.40332309487735,0.08801449341155569,0.0,0.0,0.0,0.0,0.0,0.0
2075 Jun 28 13:04:45,2075 Jun 28 17:52:03,Partial,2075 Jun 28 15:28:24,17210523.722990714,-151094169.2559279,8357.313086561902,29.100493313520623,3.2589410248931068,0.0008806819513693684,17242502.101885848,-151449811.6042698,13209.090057974796,30.19368587764217,3.3560458030371527,-0.099638079172916,0.0,0.0,0.0,0.0,0.0,0.0
2075 Dec 22 11:55:21,2075 Dec 22 17:56:22,Total,2075 Dec 22 14:55:50,-714189.2630704024,147152859.50764924,-8241.820549247206,-30.26163398223492,-0.25626667101976697,-0.0009114823166187161,-706774.9020504988,147556796.09485868,-11849.063977466225,-31.234828316244364,-0.21894107159441495,0.08872698057073387,0.0,0.0,0.0,0.0,0.0,0.0
