Begin time,End time,Eclipse type,Greatest eclipse time,EARTH_Position_X,EARTH_Position_Y,EARTH_Position_Z,EARTH_Velocity_X,EARTH_Velocity_Y,EARTH_Velocity_Z,MOON_Position_X,MOON_Position_Y,MOON_Position_Z,MOON_Velocity_X,MOON_Velocity_Y,MOON_Velocity_Z,SUN_Position_X,SUN_Position_Y,SUN_Position_Z,SUN_Velocity_X,SUN_Velocity_Y,SUN_Velocity_Z,JUPITER_Position_X,JUPITER_Position_Y,JUPITER_Position_Z,JUPITER_Velocity_X,JUPITER_Velocity_Y,JUPITER_Velocity_Z
2025 Mar 29 09:02:43,2025 Mar 29 12:55:22,Partial,2025 Mar 29 09:02:43,-147654119.1215255,-22312073.764324836,1981.1197894734432,3.9782350173131333,-29.5858063019864,0.0004435697587459575,-147298298.24098253,-22266161.6463259,7893.432954461489,3.818135994847045,-28.504602219173613,0.09943236300621794,0.0,0.0,0.0,0.0,0.0,0.0,59181190.28170188,762441137.5376233,-4491432.352826305,-13.191095077520886,1.6257380633201275,0.28834740137477244
2025 Sep 21 18:24:40,2025 Sep 21 22:44:13,Partial,2025 Sep 21 18:24:40,150092288.99764317,-3017347.1021781485,-553.0776135456648,0.12392004689470269,29.69299980299698,-0.0005746782965274473,149695754.27762625,-3001596.51609602,-6727.911163214819,0.05043502282696229,28.70422082319706,-0.09115806061816029,0.0,0.0,0.0,0.0,0.0,0.0,-141595212.2003261,761096311.4844326,5796.2269379418085,-13.00959064468704,-1.7804088291584357,0.2984377977467694
2026 Feb 17 11:06:40,2026 Feb 17 15:42:35,Annular,2026 Feb 17 11:06:40,-126241321.28251837,76908296.4460094,-3569.160201636763,-15.985562164858775,-25.567684394233577,0.0003968886715085246,-125916611.89461443,76702017.5063163,-10332.336393872087,-15.474452207338372,-24.681568245558676,0.09366979138103974,0.0,0.0,0.0,0.0,0.0,0.0,-304141757.39352113,720664969.4867615,3810116.3735859655,-12.200657269249563,-4.475346067595046,0.29153492822866633
2026 Aug 12 17:16:11,2026 Aug 12 21:45:48,Total,2026 Aug 12 18:35:26,116051946.85110524,-97389274.36986619,4770.756499911932,18.68773664355344,22.724896176979392,-0.0002184199913178259,115775928.81241897,-97147797.92931066,10981.287635178709,17.954816103024427,21.944283522849187,-0.09661108855610764,0.0,0.0,0.0,0.0,0.0,0.0,-478362035.7068574,630423613.278147,8082554.015242419,-10.568927527042824,-7.297164957180525,0.26675691786534594
2027 Feb 06 15:17:39,2027 Feb 06 21:23:41,Annular,2027 Feb 06 15:17:39,-109040535.69626617,99370812.40972836,-4956.622896080794,-20.555173723518635,-22.142934927849932,0.0002814917942451408,-108749362.4586982,99092377.39537609,-7455.737971010865,-19.896728649779185,-21.42157018412069,0.09061027030231963,0.0,0.0,0.0,0.0,0.0,0.0,-624237572.4718566,499762599.35335326,11888775.14853541,-8.323307628799855,-9.602215514703335,0.22609237712365315
2027 Aug 02 10:14:06,2027 Aug 02 15:27:54,Total,2027 Aug 02 11:07:10,97693773.88179117,-116098173.01314549,6009.895695222655,22.33370908168022,19.08406073890139,3.198946802708231e-06,97471124.74903858,-115818639.27150473,7472.753483373502,21.474726297985768,18.402220584874446,-0.1014769039735433,0.0,0.0,0.0,0.0,0.0,0.0,-731453072.5745907,339615825.7258506,14952641.431738455,-5.656510669804631,-11.255064311074868,0.17330273566826124
2028 Jan 26 15:38:42,2028 Jan 26 21:35:11,Annular,2028 Jan 26 15:38:42,-87542390.89563785,118467195.01050124,-6289.124284602264,-24.450108055133043,-17.825512162858494,8.85451377390312e-05,-87309667.90438384,118135778.99664399,-4239.840148297439,-23.646515444576778,-17.279524975204087,0.09000010368614164,0.0,0.0,0.0,0.0,0.0,0.0,-795763400.2221519,158994526.67571655,17141702.597303182,-2.7113181519945893,-12.21799987986262,0.111411815522712
2028 Jul 22 04:18:03,2028 Jul 22 09:05:29,Total,2028 Jul 22 05:24:18,76483366.18333915,-131238022.21160722,7213.474142447524,25.279171509392416,14.90068232075184,0.00016693293617479335,76307870.7088319,-130918791.66843466,3693.9812213807304,24.35241337073381,14.351169090728535,-0.09841414985846156,0.0,0.0,0.0,0.0,0.0,0.0,-813900487.5759552,-31205213.68041495,18337620.153203204,0.3520756409760169,-12.461767911809236,0.04389631385021347
2029 Jan 14 19:44:26,2029 Jan 14 23:42:10,Partial,2029 Jan 14 19:44:26,-63125399.26836981,132935309.2442817,-7505.1510053791935,-27.404301175215412,-12.895994510687766,-0.00018937388119711092,-62965040.682722904,132580478.9574794,-802.089290702732,-26.467109343521027,-12.5171240132341,0.09200126188499665,0.0,0.0,0.0,0.0,0.0,0.0,-785436923.9832234,-218704155.08639583,18479787.968298096,3.3586790552128147,-11.992203273125138,-0.025319868903850754
2029 Jun 12 06:59:54,2029 Jun 12 10:50:03,Partial,2029 Jun 12 06:59:54,-20877127.10114911,-150405514.4891156,8994.341958588844,29.049805946303636,-4.208285285669124,0.0011757100077549375,-20817436.084078975,-150016498.0470091,17102.635795223727,28.056676356601795,-4.094419990604708,-0.08930642596697658,0.0,0.0,0.0,0.0,0.0,0.0,-726850006.0695524,-367107446.1194673,17785646.081815675,5.746486356583762,-11.067111243839795,-0.08257736899400936
2029 Jul 11 19:59:00,2029 Jul 11 20:59:44,Partial,2029 Jul 11 19:59:00,52754435.49913326,-142544774.74213183,8301.432572580274,27.479749253908068,10.237043041715463,0.0003162701778340868,52624022.84136487,-142184774.2666454,-1203.7163863969968,26.531160823924207,9.842289768948733,-0.08936618488137264,0.0,0.0,0.0,0.0,0.0,0.0,-711604486.4725729,-395052780.4289814,17560684.897083197,6.19830249331164,-10.827669208446864,-0.09367972241103176
2029 Dec 05 18:18:26,2029 Dec 05 22:32:14,Total,2029 Dec 05 19:49:00,39218426.89321811,142076121.52387193,-8670.719921535936,-29.212515393062947,7.82336499015889,-0.0014900019265680312,39115637.589159526,141730562.82991403,-15360.416424183863,-28.17697320048671,7.488775289775716,0.09655553682676518,0.0,0.0,0.0,0.0,0.0,0.0,-619323843.3263229,-523757805.7502234,16030941.231812669,8.29538163626991,-9.379302931042211,-0.14661495994718635
2030 Jun 01 09:27:44,2030 Jun 01 15:25:03,Annular,2030 Jun 01 09:27:44,-47815559.00075768,-143908179.20235553,8908.96758598695,27.812006942632713,-9.50970297442299,0.0015092978238167166,-47678740.74103563,-143525789.6030174,12524.855443123899,26.898188921101983,-9.190048297891693,-0.08778925918895811,0.0,0.0,0.0,0.0,0.0,0.0,-475091386.4887896,-650924730.3603137,13332568.002663922,10.414533879724566,-7.103179358947508,-0.20347527075091756
2030 Nov 25 10:38:32,2030 Nov 25 15:51:48,Total,2030 Nov 25 11:34:21,64571619.46705107,132760420.97877951,-8334.565492589776,-27.285179664405074,12.929129899227656,-0.0018772258878845616,64406647.12302801,132442861.9459311,-10796.942263317234,-26.306358343704748,12.43691630792448,0.09954889313284702,0.0,0.0,0.0,0.0,0.0,0.0,-303219048.9900609,-739103322.9037166,9853904.376246244,11.950696287755001,-4.35587575659008,-0.24925793698141746
2031 May 21 11:17:30,2031 May 21 17:12:17,Annular,2031 May 21 11:17:30,-73190403.36725554,-132496760.81664586,8395.78352229564,25.616325404021513,-14.524121230736382,0.0018618759195178267,-72988318.4038459,-132151285.97141889,7065.475092296065,24.78314501748875,-14.002806966063691,-0.08908064610035824,0.0,0.0,0.0,0.0,0.0,0.0,-113022479.52205412,-782403070.2160269,5778837.59414862,12.795565441512059,-1.2603182937491462,-0.2810155563023815
2031 Nov 15 02:01:47,2031 Nov 15 07:17:14,Hybrid,2031 Nov 15 02:01:47,87881393.12128988,119007051.93851037,-7633.831679060827,-24.457850168706695,17.597769266699828,-0.002136490664548563,87653125.82815056,118714108.19430435,-5484.687687621763,-23.596956488880824,16.982156825077876,0.09519370677355195,0.0,0.0,0.0,0.0,0.0,0.0,84834882.9239215,-776601264.7217728,1328430.046320833,12.852458672139479,2.031827050492823,-0.2959681118191743
2032 May 09 19:20:24,2032 May 09 23:17:47,Partial,2032 May 09 19:20:24,-95550398.94465467,-116971622.51614103,7596.724314605068,22.609235609225248,-18.969115730178096,0.0021909142527867767,-95303636.5205504,-116681393.00377968,1194.5403706913519,21.85167125971198,-18.267657830922772,-0.09207665477229349,0.0,0.0,0.0,0.0,0.0,0.0,276143452.6286086,-720518177.3169718,-3184389.0922232377,12.063258077291838,5.293996272265848,-0.2918621986752804
2032 Nov 03 12:38:17,2032 Nov 03 16:06:12,Partial,2032 Nov 03 12:38:17,108645435.9705411,100952674.06510945,-6745.656827715172,-20.76813871255366,21.72629217624283,-0.0023096807518134814,108353685.83609179,100690512.11044586,745.3892227220258,-20.06657931294653,21.008694193664688,0.08741542036591468,0.0,0.0,0.0,0.0,0.0,0.0,449760549.90189075,-615435704.9985956,-7504957.01184099,10.409219665035852,8.332095367655805,-0.2674830832490816
2033 Mar 31 00:29:32,2033 Mar 31 05:00:54,Total,2033 Mar 31 01:39:59,-146276016.8135871,-30717083.45920267,2536.2352970676116,5.648887197603939,-29.285243844618346,0.0029666694765887935,-145924412.47225392,-30651269.555089258,8327.24801346452,5.4588901829545735,-28.205909273645098,-0.09674621947737326,0.0,0.0,0.0,0.0,0.0,0.0,570306153.23081,-495057714.5572575,-10701827.341054356,8.422508835909955,10.492590057385438,-0.23201217664811874
2033 Sep 23 21:15:08,2033 Sep 24 02:16:20,Annular,2033 Sep 23 21:15:08,149820538.57895583,6662182.534245833,-1156.7411249827621,-1.7998199894380023,29.66933861294636,-0.0028881924995486914,149414936.74210447,6651600.399623846,-7788.620993405909,-1.7869011329457611,28.700127820855183,0.08524784882246797,0.0,0.0,0.0,0.0,0.0,0.0,676835125.4879487,-318768407.6234981,-13817364.33216758,5.420953880226718,12.448672290633656,-0.17298964714398202
2034 Mar 20 17:27:38,2034 Mar 20 22:47:22,Total,2034 Mar 20 18:22:58,-148970637.45173115,-4220577.723622542,1092.0602011231688,0.36776973168828175,-29.90991945895881,0.003079124570647912,-148609262.21394685,-4220022.851046769,2485.8434925468614,0.33854391965886815,-28.82466391687144,-0.09753919848057165,0.0,0.0,0.0,0.0,0.0,0.0,733713360.4209636,-117945012.83339192,-15924116.08406073,1.924117043373943,13.529329801464236,-0.09925102760328366
2034 Sep 13 00:04:57,2034 Sep 13 05:59:00,Annular,2034 Sep 13 00:04:57,148896987.4737783,-21286530.617427927,508.00612182502823,3.7430594416901544,29.399270973822755,-0.0029934436035625018,148510408.23131335,-21221437.43809542,-1356.087755062207,3.5357975640809136,28.417101382578075,0.08946409677602969,0.0,0.0,0.0,0.0,0.0,0.0,735175761.345335,89944691.72257683,-16820461.170039974,-1.739454953077207,13.598487752133275,-0.01757863268974698
2035 Mar 10 07:38:32,2035 Mar 10 12:43:03,Annular,2035 Mar 10 07:38:32,-146864845.9257232,22706542.76085702,-614.7153982626972,-5.030081997560651,-29.571019693618375,0.0030686250317652356,-146491832.74726275,22639544.08366165,-4130.5033766303195,-4.893014417389876,-28.542144662790815,-0.0918199491257732,0.0,0.0,0.0,0.0,0.0,0.0,680375136.6373793,293279737.38122654,-16439249.037830636,-5.327832677886938,12.626939117566275,0.06673275431683974
2035 Sep 02 10:53:52,2035 Sep 02 15:55:15,Total,2035 Sep 02 12:01:21,143073108.1682666,-47690052.27371097,2315.5855132905695,8.950847658991629,28.16965382655031,-0.0030428655318538523,142723915.27733344,-47563865.543186866,5451.200721207514,8.55372905479852,27.188701655121697,0.09463969478048531,0.0,0.0,0.0,0.0,0.0,0.0,574825532.5413593,472053115.94734824,-14820641.64592521,-8.450723110272593,10.724145109311449,0.14450232047825207
2036 Jan 28 22:27:11,2036 Jan 29 00:05:22,Partial,2036 Jan 28 22:27:11,-95641559.28201234,112125546.93045646,-6998.135323499367,-23.154986621907543,-19.455282372797075,0.0024176837469955547,-95379947.6795161,111816262.87066598,2884.139584129944,-22.42160609348531,-18.818572419631042,-0.08433288127018997,0.0,0.0,0.0,0.0,0.0,0.0,452243116.171744,596010301.4834228,-12593295.407706862,-10.569641636470488,8.52210616118082,0.2010505074658632
2036 Feb 27 16:18:38,2036 Feb 27 18:14:55,Partial,2036 Feb 27 16:18:38,-139723627.81998965,49440028.27323417,-2502.0463905825195,-10.418884567555754,-28.212330320232063,0.0029411352884383367,-139349061.42278,49303176.78282096,-11591.785091251593,-10.112452891188436,-27.274161972862387,-0.08451327868513496,0.0,0.0,0.0,0.0,0.0,0.0,424616936.1503085,617280244.9886868,-12063629.681571249,-10.926279446812186,8.028572198525117,0.211080019994515
2036 Jul 23 20:58:18,2036 Jul 24 00:22:20,Partial,2036 Jul 23 20:58:18,83682941.35270375,-126713486.55138177,8034.2777686398385,24.400010172497268,16.31717666079589,-0.002357913905105552,83490629.80776413,-126412161.7865586,41.90033178229645,23.478625717640934,15.722822296416725,0.09611341785297953,0.0,0.0,0.0,0.0,0.0,0.0,276110275.79747975,702945654.7711973,-9097220.195911609,-12.324444197550067,5.3971423906576605,0.2532935630521936
2036 Aug 22 04:29:42,2036 Aug 22 06:58:52,Partial,2036 Aug 22 04:29:42,132958129.07601237,-71914475.35192645,4067.256632785765,13.706788966252555,26.109972231961677,-0.002949970131566574,132645693.25966345,-71739345.25868715,12166.4574854767,13.162747492871603,25.160254414804168,0.09528862801306215,0.0,0.0,0.0,0.0,0.0,0.0,244633985.90119687,715916464.9898981,-8446937.242129432,-12.527367096288632,4.844393400946962,0.2601289163604581
2037 Jan 16 20:52:02,2037 Jan 17 02:08:43,Annular,2037 Jan 16 20:52:02,-71743143.89379568,128533354.94773456,-8216.718275370518,-26.505662650825183,-14.638035534347619,0.002133489866421789,-71554069.28870325,128178239.20004672,-2179.8908039750763,-25.63049155729719,-14.201123617260713,-0.0868278430016122,0.0,0.0,0.0,0.0,0.0,0.0,80067157.4290872,759579705.7321637,-4946773.760430768,-13.158331592427295,1.9848761520965819,0.28612062135338756
2037 Jul 13 13:20:17,2037 Jul 13 18:33:28,Total,2037 Jul 13 14:20:09,60689477.69965254,-139322309.96851215,8938.308671350263,26.85445614676709,11.794971745373463,-0.00206054368021758,60550743.21146711,-138981068.54475173,5302.316041084988,25.882224264387656,11.357444159627391,0.09628033430900827,0.0,0.0,0.0,0.0,0.0,0.0,-122387487.20892738,763481846.6598303,-433812.9355068201,-13.06530104448583,-1.4582375909807086,0.2983472993133128
2038 Jan 06 01:21:40,2038 Jan 06 07:09:27,Annular,2038 Jan 06 01:21:40,-45731975.30070317,139826420.0273199,-8995.217231443134,-28.80956306291657,-9.376296126538664,0.0018654213840798163,-45622034.089577995,139458737.4949908,-7540.652766806509,-27.815165549354326,-9.125637787281239,-0.09262246246927164,0.0,0.0,0.0,0.0,0.0,0.0,-315440812.6176505,716420817.8756193,4080538.391922619,-12.120871025748428,-4.660448969746872,0.29051829745732033
2038 Jul 03 01:19:27,2038 Jul 03 06:58:05,Annular,2038 Jul 03 01:19:27,35411571.483672254,-147827592.14971933,9533.081704637552,28.513786851099706,6.834860089241571,-0.0016887589110293237,35330543.29579646,-147447422.86897898,10965.224679116747,27.534062442907473,6.580644318912153,0.09148194235096478,0.0,0.0,0.0,0.0,0.0,0.0,-489697755.74771065,622447011.9618274,8369289.097587625,-10.428971086793853,-7.478309188743387,0.26437885478559014
2038 Dec 26 13:46:50,2038 Dec 26 18:42:28,Total,2038 Dec 26 14:53:43,-18907934.127108052,145898148.13301674,-9479.943856970487,-30.039271160793643,-3.94116650779612,0.0015890225468420886,-18870357.550625347,145535951.27858195,-12638.013427452626,-28.964139847364795,-3.860568949122358,-0.09798219781088083,0.0,0.0,0.0,0.0,0.0,0.0,-632142811.1311588,490496903.1656441,12104132.865009464,-8.167001729024454,-9.725381822912306,0.22310677270679424
2039 Jun 22 07:13:12,2039 Jun 22 11:08:19,Partial,2039 Jun 22 07:13:12,8386085.528450786,-151742869.86049145,9943.745671927025,29.287631144435963,1.5352875524249607,-0.0012960771889913474,8370817.527948314,-151338724.32216862,16923.118151077044,28.316894077682722,1.4795999869615772,0.08661005460006067,0.0,0.0,0.0,0.0,0.0,0.0,-737234682.014585,327866739.57438284,15130792.766746933,-5.463280933090366,-11.342927096004281,0.16934507762254875
2039 Nov 16 20:55:44,2039 Nov 16 23:24:36,Partial,2039 Nov 16 20:55:44,80446404.16932416,124029828.11941822,-8751.086142073058,-25.486298114218105,16.111999577221862,0.00022042433929106363,80247545.08141531,123730060.38806921,324.4744272595204,-24.56649997423916,15.526450953449553,-0.09712608985673007,0.0,0.0,0.0,0.0,0.0,0.0,-791406641.9319568,177546659.78883037,16967179.581489686,-3.0117683511777704,-12.154189811953284,0.11786837517087627
2039 Dec 16 07:11:30,2039 Dec 16 09:58:23,Partial,2039 Dec 16 07:11:30,8020522.673461818,146982078.04790646,-9758.029776421547,-30.242237641035818,1.514389623389559,0.0012294707252674582,7995172.446911229,146626284.1231766,-17513.32458661604,-29.145636807551895,1.4419960931759153,-0.09730404657359722,0.0,0.0,0.0,0.0,0.0,0.0,-798426172.4510328,146509611.12853417,17253149.691189297,-2.50935510798166,-12.256648281587479,0.10705390147450536
2040 May 11 18:02:32,2040 May 11 23:01:46,Annular,2040 May 11 18:02:32,-88347749.98067504,-122645459.65047765,8771.254833005712,23.710505498539742,-17.53415842404614,-1.1288071197464327e-05,-88110042.58606212,-122328589.76034291,2461.1359510068446,22.939064180103436,-16.908401060325158,0.0896772346194271,0.0,0.0,0.0,0.0,0.0,0.0,-814207336.4936061,-11529417.348112604,18262734.89123784,0.03622128718225554,-12.470156279851007,0.050996550567120755
2040 Nov 05 10:02:27,2040 Nov 05 15:04:43,Annular,2040 Nov 05 10:02:27,102067364.71295239,107419024.59501347,-7845.358939015436,-22.08672715485769,20.424028143508583,-0.00012619862940961056,101802005.30378175,107151867.68941164,-2573.0421705925737,-21.315278740933852,19.72002614970258,-0.09597064942782552,0.0,0.0,0.0,0.0,0.0,0.0,-790226538.4088898,-200779655.66886255,18512482.879313048,3.0711374545893575,-12.068657631447207,-0.018568969532421015
2041 May 01 02:34:22,2041 May 01 08:09:55,Total,2041 May 01 03:33:39,-108665343.82251245,-104541029.05191092,7681.804473683402,20.19042297062837,-21.59363340931715,0.00022777982299341086,-108388058.54256566,-104287784.35269149,6374.304951472411,19.517562356285016,-20.791534805988295,0.09659708973626072,0.0,0.0,0.0,0.0,0.0,0.0,-721320673.481014,-377561466.03651637,17705369.267720036,5.915370741150961,-10.980307233376395,-0.08671711241597803
2041 Oct 25 17:28:04,2041 Oct 25 23:30:16,Annular,2041 Oct 25 17:28:04,120642875.60113648,86718643.55888025,-6498.7022747132005,-17.875610379127384,24.095376965037673,-0.00048352940558264474,120314612.70162216,86494911.09952949,-5763.558288817023,-17.289455753974043,23.296725632164716,-0.09208465891658019,0.0,0.0,0.0,0.0,0.0,0.0,-610548814.8088361,-533512033.7143346,15875154.888994295,8.45583705133157,-9.241345568875538,-0.1507768416392852
2042 Apr 20 18:14:12,2042 Apr 20 22:56:48,Total,2042 Apr 20 19:20:15,-124993096.18327206,-83635767.8817158,6237.797981911807,16.101559652777457,-24.886257275356,0.00045053565669044243,-124689173.46639709,-83443320.43058114,9818.745745981505,15.534260109884347,-23.95532936310429,0.1008861826297032,0.0,0.0,0.0,0.0,0.0,0.0,-464661139.25245374,-657915897.5807217,13128262.289132586,10.533349072263414,-6.9376955012971235,-0.20682189310298088
2042 Oct 14 19:28:40,2042 Oct 15 00:51:36,Annular,2042 Oct 14 19:28:40,135287307.57523835,62482142.25086508,-4744.30547285651,-12.975541192895951,26.95222731351841,-0.0007578289279631358,134914530.4141004,62319982.20304627,-8886.894612130422,-12.589471708656925,26.065120301093984,-0.08972464388116068,0.0,0.0,0.0,0.0,0.0,0.0,-291276472.0622398,-743346519.0564297,9604356.785968227,12.027959558153537,-4.163273868343575,-0.25178548691608255
2043 Mar 12 03:18:14,2043 Mar 12 06:42:23,Partial,2043 Mar 12 03:18:14,-148111362.9615755,13781508.180434538,-416.5142674259721,-3.23830435455004,-29.79218773203702,0.0009101228462087047,-147748844.77720505,13742342.731914392,-8585.122728721388,-3.154812726480014,-28.71876464345529,0.09794840656148329,0.0,0.0,0.0,0.0,0.0,0.0,-131972174.16002716,-780301598.1777009,6194022.942994433,12.746675182926815,-1.5716664947088552,-0.27863056068076403
2043 Apr 10 13:19:46,2043 Apr 10 15:19:45,Partial,2043 Apr 10 13:19:46,-137257159.10094965,-60447573.632771745,4528.872749419859,11.538671223632518,-27.392075982500447,0.0007021062351472748,-136927131.6557003,-60307179.39494772,13160.954902068886,11.09234991869497,-26.3939858606592,0.09745239469264234,0.0,0.0,0.0,0.0,0.0,0.0,-99468898.22916448,-783618295.860084,5480662.143357251,12.825789967646504,-1.0372855236671163,-0.28261943272139994
2043 Sep 04 08:29:13,2043 Sep 04 11:32:11,Partial,2043 Sep 04 08:29:13,145558690.18855178,-38959779.82758619,2205.661073636392,7.231612555282629,28.685119399537864,-0.0009360240390469823,145186063.97743872,-38855537.90405231,11068.865896766098,6.913388791495027,27.719176869352143,-0.0904603482232518,0.0,0.0,0.0,0.0,0.0,0.0,64185164.141072564,-779583141.9987311,1802769.9667085186,12.885814188047425,1.6845683674965872,-0.29526939310129396
2043 Oct 03 23:06:26,2043 Oct 04 00:47:25,Partial,2043 Oct 03 23:06:26,145035592.79894537,36174223.59247612,-2821.4671810500267,-7.690260192299837,28.812680183425098,-0.0009104086896514358,144649412.69215482,36081699.78012906,-12047.336731780202,-7.491706110723099,27.841864402462814,-0.08983150298396256,0.0,0.0,0.0,0.0,0.0,0.0,97081588.50650021,-774565354.0841409,1045990.6134831394,12.82830386560574,2.2382521184567894,-0.29628402482167576
2044 Feb 29 14:47:15,2044 Feb 29 20:15:49,Annular,2044 Feb 29 14:47:15,-142682089.2163996,40578730.22357711,-2379.0857808554306,-8.631386572968287,-28.78329586771193,0.0008909312959259389,-142314810.60826257,40464911.99395848,-6470.161353616061,-8.37134713783118,-27.793498434927212,0.09510403686093673,0.0,0.0,0.0,0.0,0.0,0.0,258309750.0482518,-728080983.8686391,-2754019.148391115,12.176684313169094,4.986281509641045,-0.2931235362561996
2044 Aug 23 19:38:39,2044 Aug 24 00:46:34,Total,2044 Aug 23 20:40:05,136642353.38471374,-64394615.27586914,4023.5169077476758,12.232784898876977,26.854914693751905,-0.0007323749616742021,136314475.92398205,-64230258.646498136,8072.049938332521,11.72030196123988,25.91484562179861,-0.09842802770248497,0.0,0.0,0.0,0.0,0.0,0.0,432908567.4044937,-628550105.2644892,-7073484.092422985,10.621098912786588,8.033645463575906,-0.2709808384443211
2045 Feb 17 19:39:13,2045 Feb 18 01:44:39,Annular,2045 Feb 17 19:39:13,-132100323.15955554,66646347.49188538,-4229.028758899467,-13.90396279798547,-26.725200553766474,0.0008267880723322574,-131745392.00725013,66456111.920132466,-3691.4964059707186,-13.463583136296421,-25.852980323540997,0.09120857923065269,0.0,0.0,0.0,0.0,0.0,0.0,578914125.3684278,-484135151.8500802,-10939780.198943213,8.239144543909847,10.648781097537576,-0.22856014121357093
2045 Aug 13 12:50:41,2045 Aug 13 18:00:18,Total,2045 Aug 13 13:45:02,123704252.53215772,-87239243.64706422,5697.933936438027,16.704750073050207,24.251434396277173,-0.0005443237721295935,123417934.52800474,-87025447.11084755,4938.4126897424385,16.047496864292906,23.37334184917115,-0.10209683518643381,0.0,0.0,0.0,0.0,0.0,0.0,682254372.8894168,-306014473.6104183,-13991592.653962798,5.200909721393379,12.549836563755074,-0.1684859232553571
2046 Feb 06 20:38:10,2046 Feb 07 01:34:26,Annular,2046 Feb 06 20:38:10,-116522566.86784361,90657527.36318946,-6073.4598999927275,-18.780973607296115,-23.638341533587877,0.0006840209377141519,-116208132.54720074,90402124.06493889,-782.7820187171229,-18.15821984891097,-22.89312483906539,0.08975697576699834,0.0,0.0,0.0,0.0,0.0,0.0,735477654.0790893,-104726887.75467315,-16018498.116381936,1.6920363720863505,13.564514002019788,-0.09420631128366716
2046 Aug 03 07:12:05,2046 Aug 03 11:09:49,Partial,2046 Aug 03 07:12:05,107093013.19671366,-107347325.6009239,7382.745619802342,20.62754472797299,20.943720817291723,-0.00040952042966938614,106841428.94770873,-107084077.18037803,1513.2788299113759,19.873135992796197,20.173808599105715,-0.09766357154276245,0.0,0.0,0.0,0.0,0.0,0.0,733164453.5684822,104562070.06801282,-16836195.828700986,-1.9976705174853826,13.564250196165192,-0.011658572078129717
2046 Dec 28 09:37:10,2046 Dec 28 12:56:59,Partial,2046 Dec 28 09:37:10,-27898203.703743987,144440408.8177117,-10370.697848713786,-29.744626190074907,-5.763082242545836,-0.000584480440175485,-27831371.5087911,144068080.33974755,-18873.800753995594,-28.71369904048735,-5.625471220348301,0.09117601870309686,0.0,0.0,0.0,0.0,0.0,0.0,688716960.9185925,272693437.1684441,-16540331.759303277,-4.9655596026058575,12.77680308080276,0.05800445290429877
2047 Jun 24 08:49:28,2047 Jun 24 13:51:59,Annular,2047 Jun 24 08:49:28,17793579.36629873,-150950530.04978967,11000.663608265973,29.12869221537904,3.3786858254021803,0.0007628649316258791,17755322.215712797,-150558744.23236006,16967.932566936655,28.13848216104232,3.2432936699106136,-0.09069941870244017,0.0,0.0,0.0,0.0,0.0,0.0,586983803.8393216,456208563.4508981,-15026818.837591786,-8.176283681931048,10.943291102886178,0.13745357870251904
2047 Dec 17 22:14:08,2047 Dec 18 03:17:22,Total,2047 Dec 17 23:15:26,-558203.9680571577,147165523.94662324,-10892.825348962244,-30.286279162473523,-0.22248794574195585,-0.001108348326333702,-565728.1697990728,146804903.73442978,-14981.472313793043,-29.1995799109299,-0.27011151076837364,0.09852205690435804,0.0,0.0,0.0,0.0,0.0,0.0,441993972.35834754,604133096.0471256,-12397740.572415764,-10.706188820605679,8.338936747969809,0.20486608108009727
2048 Jun 12 11:49:52,2048 Jun 12 18:00:43,Annular,2048 Jun 12 11:49:52,-9821589.01630631,-151583301.3692066,11308.68197081275,29.271479100648104,-2.038385527369693,0.0011678514760241326,-9785479.835929096,-151178778.5254173,12488.82903854626,28.30660435822158,-1.9596582998157082,-0.08848599895114505,0.0,0.0,0.0,0.0,0.0,0.0,263523422.50614032,708325914.21224,-8837986.169955473,-12.409034270511807,5.175826970021667,0.25610557457111166
2048 Dec 06 14:52:08,2048 Dec 06 20:06:56,Total,2048 Dec 06 15:47:37,26373933.823769633,144920830.9804205,-10867.7805250298,-29.80522697273571,5.227211016953868,-0.0015576560180523204,26300286.718548506,144570768.460781,-10592.999755992792,-28.729776987369974,5.015929398804445,0.1000672530981521,0.0,0.0,0.0,0.0,0.0,0.0,66514993.48074678,761502386.0476377,-4651565.81839619,-13.180806858334744,1.7518264785164368,0.28759166962717
2049 Jun 01 14:08:55,2049 Jun 01 19:28:45,Annular,2049 Jun 01 14:08:55,-37176782.10709213,-147103661.0099673,11085.164103032797,28.425201452758003,-7.414645352527047,0.0015933196769028271,-37069859.86799451,-146717902.39504674,7190.800658062485,27.48634409792611,-7.124652265472853,-0.08897541957489215,0.0,0.0,0.0,0.0,0.0,0.0,-135007170.41013,761968918.8951977,-145206.1551416789,-13.029561902741149,-1.6700823714871265,0.2984277259874268
2049 Nov 26 06:36:55,2049 Nov 26 11:03:47,Annular,2049 Nov 26 06:36:55,52522952.329191275,137845066.10978135,-10443.87856714528,-28.332636767539014,10.503112692300109,-0.0018894653983452436,52383017.13599711,137501526.51716238,-5361.5387818548215,-27.33561376973899,10.144336242580032,0.09418722975375028,0.0,0.0,0.0,0.0,0.0,0.0,-328353836.3332806,711323021.6462346,4390613.60295977,-12.02561635623805,-4.871634869360911,0.28926491503020113
2050 Apr 22 12:01:31,2050 Apr 22 15:33:27,Partial,2050 Apr 22 12:01:31,-120064420.5502215,-90787011.00549953,6961.965921021557,17.503149533449186,-23.88821013129812,0.0028840325080133,-119765532.72303656,-90567964.0657999,15029.194728187205,16.91139708433923,-23.00822269230106,-0.0910800622104555,0.0,0.0,0.0,0.0,0.0,0.0,-472960382.97075754,634120138.7408193,7946357.91514848,-10.633946007814968,-7.2108868359695615,0.26785223402287256
2050 May 21 23:09:40,2050 May 22 00:49:01,Partial,2050 May 21 23:09:40,-62626112.559723444,-137938947.93112049,10558.364800540332,26.667374566280323,-12.433916880920563,0.001990884468650556,-62465114.077341646,-137593417.9181267,1431.779084403186,25.751312589663932,-11.959212892714165,-0.0906696500500924,0.0,0.0,0.0,0.0,0.0,0.0,-499612776.8111173,615218484.4391875,8621133.007959284,-10.302574678404316,-7.636503186019769,0.2622079616190184
2050 Oct 17 00:16:29,2050 Oct 17 04:09:35,Partial,2050 Oct 17 00:16:29,130666599.80868699,71321790.36123635,-5573.387875286451,-14.757390842857795,26.055018821621424,-0.002991752031200258,130311948.13435571,71134521.53533582,-13843.743811817214,-14.276699027701707,25.19981344912243,0.08581621189106255,0.0,0.0,0.0,0.0,0.0,0.0,-619678552.8523078,504974110.51028746,11765165.285669591,-8.411358469778587,-9.53093522084345,0.22776684638646952
2051 Apr 12 03:28:06,2051 Apr 12 08:32:41,Total,2051 Apr 12 04:25:01,-133814743.93244968,-68019572.61853622,5474.5870139841745,13.031484922453659,-26.685080354329052,0.003200673618650573,-133491714.38170882,-67865585.5860615,8958.191012902887,12.570283988003562,-25.691446068222795,-0.09766746206096948,0.0,0.0,0.0,0.0,0.0,0.0,-728515742.5109348,345401530.7266908,14862890.778181458,-5.751782874833685,-11.210515354658492,0.17524755807171732
2051 Oct 06 00:16:36,2051 Oct 06 06:11:13,Annular,2051 Oct 06 00:16:36,142275535.4978569,45323180.87994304,-3823.479898134839,-9.523277033681993,28.293170321743474,-0.0031995681304508635,141886196.18327174,45208737.591286555,-7844.172911290549,-9.261116915395412,27.36011543231341,0.08602410565027474,0.0,0.0,0.0,0.0,0.0,0.0,-794252817.6400055,165659613.74423635,17080242.344986353,-2.8191722419206524,-12.195828762577566,0.11373382556885674
2052 Mar 31 20:59:10,2052 Apr 01 02:11:21,Total,2052 Mar 31 21:56:09,-143275081.53450045,-43316722.78878773,3779.579005742147,8.150968842818283,-28.645534497668898,0.0033862268599520197,-142926540.5003315,-43221486.87891273,2631.6394261063115,7.837893821944558,-27.605869445841986,-0.09704128949501414,0.0,0.0,0.0,0.0,0.0,0.0,-814056408.0687445,-24760859.498953093,18314325.398198593,0.24859489120730824,-12.465455789910026,0.04622460495164775
2052 Sep 24 03:20:42,2052 Sep 24 09:11:14,Annular,2052 Sep 24 03:20:42,148692790.40418345,18006031.717250016,-1846.0299555038685,-4.059071016607392,29.4837992968932,-0.003387237108849103,148302394.1952107,17968712.632792633,-1070.6462017143178,-4.003976594289768,28.481867399221624,0.08942144055822747,0.0,0.0,0.0,0.0,0.0,0.0,-787253570.873771,-212104146.78604186,18493020.99031371,3.2528502371977432,-12.021083512097311,-0.022830578041394597
2053 Mar 21 11:55:17,2053 Mar 21 15:52:00,Partial,2053 Mar 21 11:55:17,-148272186.0271209,-16981348.624546282,1812.4000328828026,2.9164690475926873,-29.72675140142695,0.0034312160320639305,-147895225.54028714,-16945745.499980643,-4566.171003008088,2.7715526963192696,-28.698043206265474,-0.08991277081739749,0.0,0.0,0.0,0.0,0.0,0.0,-714802750.7348818,-389411954.117491,17608781.32864023,6.106953753144263,-10.877987112323176,-0.09142956364780427
2053 Sep 13 14:20:38,2053 Sep 13 18:30:11,Partial,2053 Sep 13 14:20:38,149941931.75607407,-9097786.249495722,293.7308333870168,1.3294836991163765,29.645482981821353,-0.0034962163889578853,149571772.7815108,-9067324.860698115,5994.562846658824,1.2032500011998448,28.595033298988856,0.09340113254336542,0.0,0.0,0.0,0.0,0.0,0.0,-602421432.8473454,-542258737.2824175,15729667.281010343,8.5999748698555,-9.11354568286939,-0.15453107545473252
2054 Feb 09 01:24:55,2054 Feb 09 06:04:11,Partial,2054 Feb 09 01:24:55,-122515151.4814971,82578397.39441206,-6317.276829385607,-17.13709842651145,-24.82837870494536,0.0030521188487295575,-122183077.92414534,82346387.14309555,1043.8956364868095,-16.591781417518074,-24.024802830912076,-0.08528688104976388,0.0,0.0,0.0,0.0,0.0,0.0,-480487349.8652392,-647210527.293925,13437835.775417827,10.351404015251532,-7.188800676059137,-0.201710743074375
2054 Aug 04 22:58:16,2054 Aug 05 03:23:07,Total,2054 Aug 05 00:10:07,112822942.72206493,-101192314.67909686,7874.859786287031,19.428108183473096,22.08136503614737,-0.0029788438832788287,112561992.14895399,-100947988.05672373,1837.2154679830114,18.6833484627151,21.27672808661306,0.09695828749282895,0.0,0.0,0.0,0.0,0.0,0.0,-309574008.9103389,-736756313.412726,9986305.513002377,11.90833006763331,-4.458224098295329,-0.2478818396967495
2055 Jan 29 01:02:24,2055 Jan 29 07:04:49,Annular,2055 Jan 29 01:02:24,-103949198.40107687,104591466.00343582,-8151.01474415128,-21.620349714690146,-21.123034320098498,0.002785109843092585,-103672274.06953773,104299341.4466068,-5064.426578574576,-20.894213240397203,-20.468500203569988,-0.08730593819199282,0.0,0.0,0.0,0.0,0.0,0.0,-119769267.88403995,-781708190.7637976,5926866.4110616585,12.778914278797576,-1.3712492078560645,-0.2801855852388581
2055 Jul 25 15:40:20,2055 Jul 25 21:05:54,Total,2055 Jul 25 16:36:44,93839799.6722181,-119287117.86354291,9320.541344460731,22.953386620142382,18.320601382048224,-0.0026664627567595644,93619749.09905714,-118991741.89966884,7878.252834403377,22.122683194833957,17.652132937497637,0.09596864632788767,0.0,0.0,0.0,0.0,0.0,0.0,78045680.9462342,-777644620.5705578,1484624.7652697063,12.86457834790941,1.9175480335301045,-0.2957612692489758
2056 Jan 18 05:57:22,2056 Jan 18 11:34:06,Annular,2056 Jan 18 05:57:22,-81944810.67588897,122349585.8714557,-9536.12734928373,-25.245301288430326,-16.69865520824619,0.0024943523236953345,-81739223.82303219,122025055.39154604,-11094.30447224013,-24.357213553390796,-16.18805562505639,-0.09221865948555245,0.0,0.0,0.0,0.0,0.0,0.0,269631307.44627017,-723340102.8157575,-3026996.7063639374,12.105615974073952,5.181557943541543,-0.2923458375939324
2056 Jul 14 03:59:48,2056 Jul 14 09:05:48,Annular,2056 Jul 14 03:59:48,71607954.01999907,-133991859.33296287,10431.571299098467,25.81468348569425,13.940083431407045,-0.0022570361682860336,71432846.67211583,-133644948.9334142,14292.462008876228,24.931954774053064,13.444174467933061,0.09014514648511249,0.0,0.0,0.0,0.0,0.0,0.0,444310443.72356546,-619759051.8407235,-7365093.832971586,10.479292932826924,8.235456795378512,-0.26864601524480347
2057 Jan 06 18:44:06,2057 Jan 06 22:35:46,Partial,2057 Jan 06 18:44:06,-57751480.42611008,135331826.10346103,-10556.64326130886,-27.89496730523083,-11.811426137143444,0.002177309282935666,-57615489.10585097,134993717.7468188,-16709.91103339961,-26.884354245929586,-11.43817029239765,-0.09620766161677946,0.0,0.0,0.0,0.0,0.0,0.0,586748681.8687212,-473833407.0826926,-11157847.705290254,8.065835137495277,10.791220052874772,-0.22527537829898647
2057 Jun 03 18:44:46,2057 Jun 03 22:19:27,Partial,2057 Jun 03 18:44:46,-27647421.572439045,-149263448.20963758,12042.884852681056,28.834047154248996,-5.539994501436075,-0.0006637201160530914,-27568562.35039865,-148864775.5814851,3362.8668383319614,27.885693193294145,-5.348676175092754,0.0861936622320292,0.0,0.0,0.0,0.0,0.0,0.0,674098821.9148088,-324977131.0905283,-13730381.869557846,5.528062903199699,12.397570106238776,-0.17517158401359134
2057 Nov 28 00:14:01,2057 Nov 28 04:26:40,Total,2057 Nov 28 01:43:49,44142604.937492765,140674542.27973914,-11529.100304107807,-28.918651529770894,8.814099506063707,0.0005533357993226121,44028146.56740154,140333585.79281482,-4786.98698324184,-27.87817583672992,8.487328783770508,-0.09864986060711411,0.0,0.0,0.0,0.0,0.0,0.0,732614208.8737748,-125416696.74750844,-15868478.273550278,2.0551122091796286,13.507691845099117,-0.10209283235579877
2058 May 23 20:20:22,2058 May 24 02:02:34,Annular,2058 May 23 20:20:22,-54355596.07147463,-141494989.0456581,11676.406582865136,27.350420084381742,-10.801841155845267,-0.00028216093061699183,-54205082.69769305,-141128518.29774338,7687.395723692646,26.446537931949766,-10.390414719431146,0.09051728045245383,0.0,0.0,0.0,0.0,0.0,0.0,736021610.7182436,83084574.87509896,-16810901.034538273,-1.6181937055077071,13.612619124016796,-0.020348643869863074
2058 Nov 17 13:52:56,2058 Nov 17 19:26:17,Annular,2058 Nov 17 13:52:56,69406935.48969947,130371681.21047291,-10920.191470019556,-26.78902760100969,13.898108929261758,7.616402416661718e-05,69221757.42762256,130044129.60153672,-8347.354585628778,-25.857950661894005,13.423223917749983,-0.09646038952766293,0.0,0.0,0.0,0.0,0.0,0.0,683296618.5703267,286261918.06706774,-16475431.568691805,-5.204414178960433,12.679550562774295,0.06375257357721414
2059 May 13 05:24:02,2059 May 13 10:51:56,Total,2059 May 13 06:25:16,-78537540.8856276,-129306447.09412771,10853.08028088868,25.002839332297455,-15.587200464734787,8.014860683327323e-05,-78334248.0225296,-128990532.4829344,11949.489289284542,24.14716330690262,-14.984740214830477,0.09669483114836949,0.0,0.0,0.0,0.0,0.0,0.0,579114710.9749552,466558453.2766757,-14893775.998345597,-8.355597569972245,10.801347572848101,0.14205438481169533
2059 Nov 06 21:39:52,2059 Nov 07 03:23:07,Annular,2059 Nov 06 21:39:52,92840775.42227198,115287918.87315336,-9710.387857044529,-23.69333929091766,18.586054735593788,-0.000415655701421651,92584302.89914009,114984902.6793151,-11930.169642648209,-22.91409293939442,17.97308115658286,-0.09165401026709442,0.0,0.0,0.0,0.0,0.0,0.0,430691691.74040556,612771492.5421634,-12180768.401984623,-10.850939769814243,8.13712144562777,0.2089435615106396
2060 Apr 02 14:49:44,2060 Apr 02 16:04:22,Partial,2060 Apr 02 14:49:44,-140638445.9199656,-51642122.75783825,4539.099885885845,9.800434120523283,-28.094375967525053,0.0011694336970350947,-140302878.3525678,-51520405.94766486,-5120.9915722174155,9.430619937506856,-27.06044342151974,0.09775797729858199,0.0,0.0,0.0,0.0,0.0,0.0,282418569.2295212,700149627.7143319,-9226726.746545888,-12.280297560470455,5.50802217610469,0.2518439679413176
2060 May 01 21:35:13,2060 May 02 01:23:43,Partial,2060 May 01 21:35:13,-99608862.95007773,-113429450.26855952,9491.271889348174,21.924356433973927,-19.781504031337146,0.0004349594981931623,-99365734.43328032,-113164162.2268646,15533.260205019058,21.13363655677654,-19.031548607110167,0.09973088686777921,0.0,0.0,0.0,0.0,0.0,0.0,251082032.51476866,713389525.2209476,-8580689.650794927,-12.488116054097706,4.95735627384061,0.2587817104926673
2060 Oct 26 00:10:32,2060 Oct 26 03:58:56,Partial,2060 Oct 26 00:10:32,113401889.2164251,95740438.25803468,-7980.301164839967,-19.70564270562353,22.666280624264036,-0.0008242587746270882,113086920.83648579,95483481.128036,-15245.256212222612,-19.092771396111353,21.91746382206798,-0.08848163823975899,0.0,0.0,0.0,0.0,0.0,0.0,53354987.0212113,763137331.8219802,-4363937.035189907,-13.198546793121297,1.525868611846807,0.2889281898146886
2061 Mar 23 06:17:24,2061 Mar 23 10:54:01,Total,2061 Mar 23 07:31:34,-147152868.64342612,-25724248.001115926,2269.2128738728397,4.657997591626672,-29.47530340403294,0.001271367099909391,-146792405.26304847,-25669188.698687732,-3608.254052045575,4.462799959476839,-28.41658420471132,0.09968599703007913,0.0,0.0,0.0,0.0,0.0,0.0,-115640767.12027036,764205485.5904942,-587744.5165948584,-13.08303450623527,-1.344985885110089,0.29827153387268884
2061 Sep 15 10:46:56,2061 Sep 15 15:27:24,Annular,2061 Sep 15 10:46:56,150077610.4429981,-96728.48391279054,-127.51641250994021,-0.4552128600188531,29.699019263837943,-0.0013799356396630817,149690705.92936438,-89160.77234830869,6519.596769384809,-0.5206230806193293,28.68421036473471,-0.09261808652777193,0.0,0.0,0.0,0.0,0.0,0.0,-308843548.01713187,718922505.453943,3922587.7055278807,-12.167784431028082,-4.552271762962703,0.2911207500059178
2062 Mar 12 18:29:00,2062 Mar 13 00:14:58,Annular,2062 Mar 12 18:29:00,-148938917.3579428,1368302.125502707,2.627752870267026,-0.7496492638959772,-29.918942079746827,0.0013651191859468722,-148554837.73290652,1354983.3580246859,-1381.682670081785,-0.759602239952972,-28.895119914548506,0.0958931765577802,0.0,0.0,0.0,0.0,0.0,0.0,-484306575.11194634,626279068.3016919,8232769.413066614,-10.496217068879986,-7.392322848890468,0.2655234267133915
2062 Sep 04 22:24:20,2062 Sep 05 03:49:10,Total,2062 Sep 04 23:21:07,148050030.70745584,-27031894.16785836,2115.3528405490133,4.879956538962793,29.21526163060333,-0.0012662449226639157,147691031.32942525,-26956555.32559941,3858.2915444346136,4.624772931842048,28.175567982529028,-0.09982338464698008,0.0,0.0,0.0,0.0,0.0,0.0,-627658350.0775385,495787851.5245241,11981854.084694402,-8.256138087056415,-9.655414693097747,0.22481277028858926
2063 Mar 02 00:03:38,2063 Mar 02 05:33:19,Annular,2063 Mar 02 00:03:38,-145632110.00346532,29114512.647525907,-2321.422500747563,-6.3196889105312275,-29.341584564132663,0.0014015152611607758,-145239361.26050055,29026496.87687468,1261.8058842638982,-6.130504249307804,-28.382502949517416,0.09114261943201056,0.0,0.0,0.0,0.0,0.0,0.0,-734388612.9587404,333714464.07423854,15042832.794539897,-5.559511202219255,-11.299808555632813,0.17131567662175326
2063 Aug 25 15:45:55,2063 Aug 25 20:33:27,Total,2063 Aug 25 16:47:34,141442333.42813578,-52522102.36166702,4305.329069107924,9.901950594825097,27.83622746696999,-0.001155733870493784,141110738.60791522,-52389109.11772593,1225.6712466355293,9.492776115179495,26.818343018716142,-0.10223865489714874,0.0,0.0,0.0,0.0,0.0,0.0,-797025552.6671509,153198473.83104455,17194042.335072372,-2.617434925672879,-12.23624252506659,0.10938976327255313
2064 Feb 19 02:06:19,2064 Feb 19 04:42:37,Partial,2064 Feb 19 02:06:19,-137043794.50824142,56185315.07783838,-4711.530954570674,-11.783581408003196,-27.691759178535264,0.0013271910933910576,-136670817.850142,56026943.19014286,3926.9742094281432,-11.393151636330261,-26.802894979665695,0.0887045778436673,0.0,0.0,0.0,0.0,0.0,0.0,-813715540.4372921,-37006609.622838594,18357575.878733024,0.445071002773711,-12.45799528828347,0.04179669395667489
2064 Jul 16 01:33:16,2064 Jul 16 05:01:08,Partial,2064 Jul 16 01:33:16,79394847.7339109,-129476654.66521813,10978.512773281987,24.936512091273354,15.473307452202008,-0.000211116542820525,79204588.05794846,-129156076.01256134,19139.60523843932,24.051962480293543,14.899892766993167,-0.095374539651509,0.0,0.0,0.0,0.0,0.0,0.0,-791801153.9313239,-194482968.57465455,18521544.568111677,2.970274739410187,-12.093908505234168,-0.01620483112946836
2064 Aug 14 10:36:47,2064 Aug 14 12:57:48,Partial,2064 Aug 14 10:36:47,130578289.77297421,-76266453.97154194,6517.274164091354,14.558320978423696,25.631640196470777,-0.0010761098782147663,130266668.28083152,-76078553.9030243,-1836.7039639665013,14.031885918201642,24.690144905947804,-0.09634189509132192,0.0,0.0,0.0,0.0,0.0,0.0,-783639244.4511988,-225018293.5028749,18465810.278939907,3.460116258609556,-11.963436414872932,-0.027705811029953883
2065 Jan 08 13:20:54,2065 Jan 08 18:13:26,Annular,2065 Jan 08 13:20:54,-65918514.3080514,131586207.0976176,-11275.040683612522,-27.128792184585794,-13.46110317463923,5.967292022477717e-05,-65756059.46438483,131244243.0668218,-17161.881305045586,-26.171354503416982,-13.057084798430822,0.09376269890440898,0.0,0.0,0.0,0.0,0.0,0.0,-724479048.6327646,-371636643.8967632,17751411.973751064,5.819492525692863,-11.029891104938223,-0.08436962453018858
2065 Jul 05 10:53:18,2065 Jul 05 16:33:46,Annular,2065 Jul 05 10:53:18,55304242.49336777,-141567147.8037106,12301.138522204721,27.289675911947036,10.736588515364227,0.00016239996738049876,55169558.138851,-141197224.11620417,16022.667994437426,26.364673127289663,10.358314575867048,-0.09192267300544266,0.0,0.0,0.0,0.0,0.0,0.0,-614878439.3390284,-528741574.44588447,15952177.964786917,8.377471029195329,-9.309435887400902,-0.14873819777128117
2065 Dec 29 02:29:48,2065 Dec 29 07:50:53,Total,2065 Dec 29 03:25:53,-40343299.0913514,141468259.92272356,-12380.527501392715,-29.14416522631896,-8.28467992792972,-0.00048198787653087736,-40253690.111107685,141118653.11598402,-13720.87522292874,-28.085229357694423,-8.038673268721668,0.10002324864709329,0.0,0.0,0.0,0.0,0.0,0.0,-470408679.93922454,-654092844.6012635,13240953.717446178,10.468188583326816,-7.028879217631468,-0.20498845808469152
2066 Jun 24 14:18:35,2066 Jun 24 20:19:53,Annular,2066 Jun 24 14:18:35,28834051.14580272,-149251225.0280068,13152.811011290207,28.792020770758096,5.543256343730367,0.0006016709125525347,28766731.212486837,-148850726.0800056,11856.118252270546,27.83864732338127,5.374983509945756,-0.08897266625576458,0.0,0.0,0.0,0.0,0.0,0.0,-297392809.3827391,-741201642.5590428,9732249.005161893,11.988970621951948,-4.26198228685984,-0.25050077967946244
2066 Dec 18 19:26:00,2066 Dec 19 00:15:42,Total,2066 Dec 18 20:29:43,-13795817.232495902,146476034.17472678,-12937.097452490674,-30.156166672724357,-2.905649888320689,-0.0009788623313461025,-13771540.162533363,146119279.0002039,-9812.92505067693,-29.063333356888815,-2.816617840395705,0.1000225981046646,0.0,0.0,0.0,0.0,0.0,0.0,-106584237.57480091,-783009399.7047719,5637303.153574322,12.810253616558974,-1.154366312454734,-0.2817880924111429
2067 Jun 13 17:10:04,2067 Jun 13 21:22:07,Partial,2067 Jun 13 17:10:04,1339559.7060818444,-151945578.03014642,13452.042422543562,29.332348076632385,0.15160923128106044,0.001086723230697418,1343570.1380141126,-151545229.82251123,6961.249932311975,28.350648064558044,0.18947149161137883,-0.08859281408104043,0.0,0.0,0.0,0.0,0.0,0.0,90508479.17486367,-775683731.0892837,1197653.191532759,12.841824084469161,2.1273556555397124,-0.29612363519004936
2067 Nov 08 22:59:41,2067 Nov 09 01:09:59,Partial,2067 Nov 08 22:59:41,85057794.73940913,120995604.38692231,-10498.718051828235,-24.863847126411684,17.03200191571607,-0.002631031519165437,84836135.23021011,120685233.65923013,-19941.228504990453,-23.999953502099316,16.468245589973524,0.0898728048245938,0.0,0.0,0.0,0.0,0.0,0.0,251631927.79740238,-730779630.4735434,-2593420.0302280476,12.21684236167991,4.871392180654285,-0.2935450998283944
2067 Dec 08 11:51:01,2067 Dec 08 14:30:14,Partial,2067 Dec 08 11:51:01,13268657.95627646,146623913.65614706,-12994.492762753505,-30.16569109808915,2.575086439863197,-0.001377413879150644,13229779.230578069,146255557.17983767,-4813.136909967552,-29.106679997421235,2.50740736919545,0.09249213341646824,0.0,0.0,0.0,0.0,0.0,0.0,282561793.4031273,-717666242.3937342,-3339842.2364110476,12.020006332020696,5.404981387297906,-0.29135887283162887
2068 May 03 14:19:17,2068 May 03 18:59:42,Total,2068 May 03 15:36:21,-93094116.97368725,-118983095.08442256,10379.784868745603,23.00111128700526,-18.480674329306396,0.0027948863907222266,-92859617.04329476,-118696024.13205324,16300.892872033686,22.207504413834016,-17.77789650365545,-0.09283176446097917,0.0,0.0,0.0,0.0,0.0,0.0,427475802.0893609,-632621902.9325753,-6935064.989957266,10.686646350810133,7.937474084200499,-0.2720473645279662
2068 Oct 28 03:28:14,2068 Oct 28 08:49:42,Annular,2068 Oct 28 03:28:14,106705772.26358387,102951290.6557999,-9057.060223734781,-21.173410766562462,21.340867001279257,-0.002978794504496698,106411563.95263165,102678829.38776691,-14708.760123352495,-20.487457484847738,20.639170173001123,0.0870911325486655,0.0,0.0,0.0,0.0,0.0,0.0,574364951.3500139,-489958307.5646037,-10813816.477796452,8.3369038235465,10.566337771502013,-0.2304043040502149
2069 Apr 23 06:23:42,2069 Apr 23 11:39:16,Total,2069 Apr 23 07:17:17,-112152830.58205704,-100671633.36913994,8973.921840742174,19.436459105688524,-22.295914581466732,0.003205414284095599,-111880070.42561549,-100439796.41252309,10132.929565237406,18.735482515862284,-21.45461966605171,-0.09824509362254184,0.0,0.0,0.0,0.0,0.0,0.0,679552229.5517718,-312451275.52625066,-13904428.850367777,5.312037429510965,12.499230150432906,-0.17076184630371555
2069 Oct 17 03:52:57,2069 Oct 17 10:06:30,Annular,2069 Oct 17 03:52:57,124783027.6409054,80864649.40235366,-7343.490028173306,-16.68610310045883,24.904998991821632,-0.003317104627455776,124437118.80378902,80652301.68229464,-8543.17710175539,-16.188198299135514,24.073630722073382,0.08649886213555484,0.0,0.0,0.0,0.0,0.0,0.0,734509877.3962809,-112196046.12021254,-15965808.243260024,1.8231741446357133,13.545310533959846,-0.09705916477411185
2070 Apr 13 00:25:59,2070 Apr 13 05:08:57,Total,2070 Apr 13 01:32:57,-127620619.74443763,-79407526.32261275,7325.991391112337,15.273172796746405,-25.422693837221058,0.003498269537491732,-127309213.5375793,-79224432.02161917,3657.060446321339,14.698562285007968,-24.501198117639348,-0.09609772370879817,0.0,0.0,0.0,0.0,0.0,0.0,734160921.1047935,97571132.8922183,-16829461.763684586,-1.8741669332033617,13.581124880407248,-0.014492182600139729
2070 Oct 06 07:07:59,2070 Oct 06 12:26:32,Annular,2070 Oct 06 07:07:59,138183777.8487903,56100198.681246065,-5246.0894151554285,-11.688354242520717,27.50982693553793,-0.0036293823766502297,137816828.2474198,55961215.68781881,-1662.100560001134,-11.370420877687433,26.558600465946416,0.0889248088192577,0.0,0.0,0.0,0.0,0.0,0.0,678306699.429464,298137907.5544659,-16413131.634785205,-5.41330603039942,12.589916014455063,0.06879948363527569
2071 Mar 04 02:36:14,2071 Mar 04 05:59:49,Partial,2071 Mar 04 02:36:14,-147369411.88211113,19530685.421035066,-1889.2023284094196,-4.3909353058338985,-29.662517015200706,0.003833492319481935,-146984018.50613347,19474666.796092268,6735.621438031099,-4.286364268828527,-28.657407323153816,-0.08745426275234867,0.0,0.0,0.0,0.0,0.0,0.0,591153573.6656817,450574702.3074137,-15096697.197598673,-8.07866849425597,11.018401397798202,0.13495540196978198
2071 Apr 02 16:41:15,2071 Apr 02 17:57:22,Partial,2071 Apr 02 16:41:15,-139223528.9047918,-55516893.49046521,5229.941220611167,10.567073201112057,-27.800865709278714,0.0036618394118276836,-138871104.50544387,-55379701.78833841,-4130.3126610745585,10.145583935468938,-26.850036915334247,-0.08730347200677598,0.0,0.0,0.0,0.0,0.0,0.0,569885444.1992575,478255582.9818458,-14735897.844231503,-8.557956908843352,10.634948896857294,0.1472717195503976
2071 Aug 27 08:33:14,2071 Aug 27 11:45:42,Partial,2071 Aug 27 08:33:14,144087130.0538543,-44370666.74969677,4246.981471711003,8.298115677532783,28.37884516387331,-0.003776122013821659,143741713.59340653,-44258981.818076074,-4106.813216974023,7.935241208035766,27.360490566994663,0.09206586065621797,0.0,0.0,0.0,0.0,0.0,0.0,447754785.9217182,599601950.208372,-12507772.594503216,-10.62996953799048,8.441982599945668,0.2027361017951212
2071 Sep 25 18:32:36,2071 Sep 25 20:51:57,Partial,2071 Sep 25 18:32:36,146501960.32030135,30200566.15963304,-2834.8820071114887,-6.494010098007961,29.085381941952605,-0.003843603111546133,146137030.2935695,30130404.593251638,5648.417058648234,-6.333237083206344,28.040167828222422,0.09147851177062169,0.0,0.0,0.0,0.0,0.0,0.0,420289561.88123125,620437635.1689489,-11979897.752701195,-10.978976963699473,7.951532650722372,0.21258033350585448
2072 Feb 21 05:04:58,2072 Feb 21 10:52:00,Annular,2072 Feb 21 05:04:58,-140587988.1204856,47034576.60846076,-4552.273494076073,-9.932800388934416,-28.379558249340402,0.00370367631053186,-140206780.6341656,46897663.16764064,15.498224051548709,-9.617928692089734,-27.460836256207866,-0.08579042755846007,0.0,0.0,0.0,0.0,0.0,0.0,269902879.2576922,705632041.0895395,-8969501.074901624,-12.366857625738698,5.287862671484635,0.25469379430375944
2072 Aug 16 01:20:33,2072 Aug 16 06:19:43,Total,2072 Aug 16 02:18:08,134494028.61095974,-68907165.50097807,6603.678914496312,13.118183778093885,26.41994623577802,-0.003658697309685175,134180062.23012182,-68736285.23631737,2676.4260279793,12.600231895227488,25.453509451007125,0.0973734768123611,0.0,0.0,0.0,0.0,0.0,0.0,73622023.35289936,760523811.4578099,-4806469.930892336,-13.169426626648846,1.8740841463006712,0.2868324621288645
2073 Feb 09 05:21:12,2073 Feb 09 11:30:00,Annular,2073 Feb 09 05:21:12,-128582122.622298,73034879.9686813,-6948.79004545874,-15.198779569413539,-26.029973470410543,0.00349172448774357,-128236987.8404191,72827357.8346999,-6889.120815761956,-14.675415582017905,-25.204942135403115,-0.08706345256033729,0.0,0.0,0.0,0.0,0.0,0.0,-128195986.8696356,762812095.7998871,-301067.20787352405,-13.049420337616493,-1.5558673810367762,0.2983943197605739
2073 Aug 05 18:15:27,2073 Aug 05 23:35:48,Total,2073 Aug 05 19:13:27,120784869.19199502,-91323599.72930607,8616.390574565841,17.503628902712236,23.668108094187673,-0.00336744774496767,120497122.0875356,-91093819.34848478,9463.068417296729,16.8700623004159,22.81009351869749,0.09510046882638269,0.0,0.0,0.0,0.0,0.0,0.0,-321904749.51555336,713901361.3488663,4235649.584779061,-12.07358831480821,-4.766146990916497,0.28990308704314427
2074 Jan 29 10:43:41,2074 Jan 29 15:33:45,Annular,2074 Jan 29 10:43:41,-112160207.4019504,95902805.96881045,-8967.924412017695,-19.849087263789997,-22.767004578750274,0.0032371780603747363,-111873665.29804352,95646293.16514117,-13599.38633280874,-19.135013731089476,-22.03407944753117,-0.09091018126760317,0.0,0.0,0.0,0.0,0.0,0.0,-494077193.4734153,619284585.3543113,8480420.660449298,-10.373760811770174,-7.54827314616499,0.2634305166094582
2074 Jul 26 06:58:53,2074 Jul 26 11:01:49,Partial,2074 Jul 26 06:58:53,103077151.35046384,-111267563.24722034,10368.613887182706,21.392680880218926,20.148490329471752,-0.0029659101091878888,102818751.33108735,-110977566.47953716,16741.940083022415,20.66735406644146,19.44130783350052,0.08814961753339715,0.0,0.0,0.0,0.0,0.0,0.0,-636492020.3685534,485270243.3043675,12223171.693760706,-8.078807356244141,-9.79302389976767,0.22141823556865384
2074 Dec 20 12:11:08,2074 Dec 20 15:33:12,Partial,2074 Dec 20 12:11:08,-22498302.284292582,145385236.73542038,-13700.994400581534,-29.935370230904986,-4.669413112926087,0.0015992509230577175,-22448897.495888848,145030288.08534378,-5542.885577830241,-28.84912287996392,-4.536854606158429,-0.09596557003754995,0.0,0.0,0.0,0.0,0.0,0.0,-725349058.9482034,351506770.7177312,14766707.320279185,-5.852484109102183,-11.162240424428873,0.17729692237759326
2075 Jan 19 00:31:43,2075 Jan 19 01:32:55,Partial,2075 Jan 19 00:31:43,-92424596.92217651,114751863.72154987,-10671.133784925743,-23.692164345530536,-18.809829527800467,0.0029112735957137746,-92197910.15355171,114466021.74307875,-20066.16322655365,-22.829689927155123,-18.166027944034756,-0.0931824604687784,0.0,0.0,0.0,0.0,0.0,0.0,-739671695.31749,322760970.31369543,15206536.990790982,-5.379550418619537,-11.379946548474994,0.16762146567121158
2075 Jun 15 20:25:16,2075 Jun 16 01:29:35,Annular,2075 Jun 15 20:25:16,10930585.656969726,-151585776.3991886,14360.545477155147,29.256196146218663,2.0334656695375504,-0.0012462868832888916,10908889.979677992,-151179929.6110882,7836.60106859639,28.290040640576418,1.985307068874093,0.08683841511934037,0.0,0.0,0.0,0.0,0.0,0.0,-792805595.5361098,171807486.72554058,17022322.46480948,-2.918631176364911,-12.174735198705296,0.1158732299390395
2075 Dec 10 04:09:02,2075 Dec 10 09:10:29,Total,2075 Dec 10 05:09:50,4554717.8132766085,147117774.64881405,-13978.102792300793,-30.271681106631743,0.8121802465321206,0.0011297965659328633,4534718.12044726,146758796.96035773,-9820.516945974314,-29.181443390342807,0.7733072588279765,-0.09940624667223219,0.0,0.0,0.0,0.0,0.0,0.0,-814162578.0453895,-17887220.399684653,18288160.78731958,0.138146318474641,-12.468256502026387,0.04870455180992135
