Begin time,End time,Eclipse type,Greatest eclipse time,EARTH_Position_X,EARTH_Position_Y,EARTH_Position_Z,EARTH_Velocity_X,EARTH_Velocity_Y,EARTH_Velocity_Z,MOON_Position_X,MOON_Position_Y,MOON_Position_Z,MOON_Velocity_X,MOON_Velocity_Y,MOON_Velocity_Z,SUN_Position_X,SUN_Position_Y,SUN_Position_Z,SUN_Velocity_X,SUN_Velocity_Y,SUN_Velocity_Z,JUPITER_Position_X,JUPITER_Position_Y,JUPITER_Position_Z,JUPITER_Velocity_X,JUPITER_Velocity_Y,JUPITER_Velocity_Z,VENUS_Position_X,VENUS_Position_Y,VENUS_Position_Z,VENUS_Velocity_X,VENUS_Velocity_Y,VENUS_Velocity_Z
2025 Mar 14 03:59:30,2025 Mar 14 09:59:31,Total,2025 Mar 14 06:59:28,-147757995.3649359,16898718.7367911,-157.43096701952004,-3.866181285225738,-29.696091502751944,0.0028242868258308153,-148155419.2050013,16953716.00526906,3024.520272390871,-4.027569933383923,-30.66340977519517,-0.08733230435537451,0.0,0.0,0.0,0.0,0.0,0.0,76500363.20805667,760109653.5513742,-4869206.171917928,-13.164480698573266,1.923678265489913,0.28650955359190305,-105046384.74227834,22483002.070523944,6369928.274960914,-7.508256358114856,-34.40411900876492,-0.039326166198933296
2025 Sep 07 15:31:54,2025 Sep 07 20:56:15,Total,2025 Sep 07 18:14:07,145546924.5192266,-39180082.25082394,1588.2937103960644,7.258004118600087,28.641304628601354,-0.0029287706413391743,145901677.82116455,-39285373.02753013,-1097.7412338927402,7.520162189005006,29.67007563869568,0.09508524642371705,0.0,0.0,0.0,0.0,0.0,0.0,-125692494.73297776,763118804.5197061,-358433.5469355437,-13.056335997936518,-1.5124618908640313,0.2983707606463585,-2444383.649621758,107604327.90766026,1619329.3823484925,-35.13254606230704,-0.9823268129540397,2.013654211621451
2026 Mar 03 08:48:27,2026 Mar 03 14:24:28,Total,2026 Mar 03 11:36:24,-141383858.3716737,44736101.69583185,-1886.3474307669312,-9.465289005530048,-28.501561954952365,0.0029104492828790677,-141745129.2173622,44860705.55550761,-3335.781920972122,-9.842493702179686,-29.45952526377006,-0.09216695761328994,0.0,0.0,0.0,0.0,0.0,0.0,-318734935.75591904,715184704.9963179,4159229.346524246,-12.097205560552586,-4.712082791216462,0.29020401058033574,105021716.011052,26814768.204242494,-5691299.625915523,-8.788815987880605,33.77525978383385,0.9711346457254039
2026 Aug 28 01:29:54,2026 Aug 28 07:04:47,Partial,2026 Aug 28 04:17:24,136346388.0584616,-65154076.97723744,3068.2234072183874,12.356929212587186,26.75577488204731,-0.0027980073502518266,136694732.40006816,-65331250.94745321,5319.491998605071,12.774979927964328,27.671695816904354,0.08965047229680356,0.0,0.0,0.0,0.0,0.0,0.0,-492266764.33522177,620685497.5631014,8433919.027309662,-10.397708671037483,-7.515753393455509,0.2638302519448055,54077040.68564197,-94446555.92060815,-4417771.272261232,30.157789587318,17.281235714389535,-1.502642616719974
2027 Feb 20 21:18:47,2027 Feb 21 01:15:59,Penumbral,2027 Feb 20 23:17:21,-130206983.8951272,70183133.67054743,-3597.3059255806597,-14.611621585520123,-26.324192110396282,0.00292288841684317,-130522766.69289066,70362216.72387244,-9578.09306731746,-15.169509243995375,-27.250268304055567,-0.09581072127752624,0.0,0.0,0.0,0.0,0.0,0.0,-634395914.7832416,487982979.75582176,12164790.773173282,-8.124521788078807,-9.755835400002374,0.22227916099287084,-78058616.32321717,-74882222.79740113,3474816.821587402,23.99950569324681,-25.43801922573782,-1.7343601774423172
2027 Aug 17 05:34:25,2027 Aug 17 09:06:52,Penumbral,2027 Aug 17 07:20:39,122214903.37143765,-89459737.12625271,4866.285893925566,17.104818273824336,23.916784296000003,-0.002665759059724718,122537913.183818,-89704210.56811136,12475.767657442977,17.679173768720005,24.69933818047626,0.08480435695819644,0.0,0.0,0.0,0.0,0.0,0.0,-738620509.4665809,325359612.6092365,15172029.039294153,-5.422936132194588,-11.357919767717767,0.16850399404810532,-90341391.16696945,57961990.57213634,6009216.830116333,-19.051547811908282,-29.64924214773333,0.6917620670326029
2028 Jan 12 02:15:19,2028 Jan 12 06:23:55,Partial,2028 Jan 12 04:19:38,-52869793.893143065,137291748.13666463,-8494.522370815957,-28.27095431317875,-10.812756779462157,0.0020535386626556883,-52992774.41159474,137630474.4546856,-1577.5054187436242,-29.28573036679236,-11.206841144477643,-0.0968801091454936,0.0,0.0,0.0,0.0,0.0,0.0,-792346006.4380438,174602230.72191387,17000206.607884955,-2.965871293378442,-12.161024350004183,0.1168721344058989,99423801.87716708,42960192.0115079,-5146172.912880581,-14.00404429050377,31.996219502586133,1.2477890482638965
2028 Jul 06 15:53:29,2028 Jul 06 21:02:05,Partial,2028 Jul 06 18:27:45,38781973.59804499,-147053467.40304804,9396.652838192487,28.308792395343854,7.483398116695621,-0.0017461415637423264,38874544.51561132,-147436022.8911375,3605.6398965509584,29.289094524987203,7.678960698213612,0.08869195637296164,0.0,0.0,0.0,0.0,0.0,0.0,-814456039.6116892,-14153147.022045242,18278999.796337552,0.07506609493819655,-12.46534727983976,0.050107529768567166,65444610.7351324,-86942407.72474039,-4971206.92219395,27.749060200279594,20.937480328587984,-1.3132817396529748
2028 Dec 31 14:14:07,2028 Dec 31 19:48:13,Total,2028 Dec 31 17:01:13,-25860912.819936104,144809698.31546485,-9389.884004065732,-29.796685766096203,-5.3454667843579955,0.0016848680867743771,-25918041.020342123,145183359.34906986,-6429.217303699699,-30.817552195990945,-5.547187260214977,-0.09441004031428696,0.0,0.0,0.0,0.0,0.0,0.0,-789840463.9379814,-203534934.4756496,18515106.523631237,3.1100673847758666,-12.05388422366409,-0.019503885488046435,-65418945.00829049,-86317543.55684862,2587979.2040781192,27.66755979275905,-21.318172915739783,-1.8894497585628267
2029 Jun 26 00:45:03,2029 Jun 26 06:17:52,Total,2029 Jun 26 03:31:24,11698455.689637126,-151602749.0748853,10050.32559412778,29.204656320735356,2.1804783338812093,-0.0014837667529629785,11717368.745058574,-151975142.39279145,9231.874397212592,30.258533078477463,2.1913160539987566,0.09568625352119021,0.0,0.0,0.0,0.0,0.0,0.0,-720516620.0893376,-379786246.68157744,17696491.023290884,5.943880415946575,-10.959182226582906,-0.08743970318557347,-97305987.23811416,45336766.48077565,6237719.712132651,-14.943819494794408,-31.912723381734196,0.4235211637963197
2029 Dec 20 19:56:51,2029 Dec 21 01:51:35,Total,2029 Dec 20 22:54:16,2770323.681445845,147142757.4212077,-9882.042299035176,-30.255995438952176,0.44980873490184575,0.001231244996535313,2787714.717432155,147540818.62421572,-11420.024765491418,-31.243758466803275,0.46015428510117873,-0.0899546970284964,0.0,0.0,0.0,0.0,0.0,0.0,-609232857.649455,-535511929.3842952,15853905.412381994,8.479032324104194,-9.213007226622935,-0.15140867074810854,20572421.209611118,105779387.12349841,267261.00314033485,-34.49525254534811,6.51145049799886,2.0798656534348146
2030 Jun 15 16:26:34,2030 Jun 15 21:01:12,Partial,2030 Jun 15 18:43:52,-15035523.929976089,-151198903.5050228,10437.261926093342,29.147011004095845,-3.058677623807989,-0.0011917510917011708,-15079861.49143466,-151554783.02405307,14472.581870263926,30.229903248106996,-3.2077780297307483,0.09939682960994088,0.0,0.0,0.0,0.0,0.0,0.0,-463216149.2570033,-659346849.7413279,13101808.23300479,10.546147237051963,-6.908343219884086,-0.2072242932668589,108391254.74801023,4536579.529948088,-6191487.54580104,-1.6089308115155183,34.832191473209775,0.5717780811302821
2030 Dec 09 20:26:19,2030 Dec 10 00:59:14,Penumbral,2030 Dec 09 22:42:46,31857309.984535288,143844220.7085219,-10052.647745347142,-29.55755087320226,6.326495270138279,0.0008077980723469055,31952873.59726591,144239039.34956717,-16245.322462315316,-30.49809928550052,6.557004561427751,-0.08762257927060976,0.0,0.0,0.0,0.0,0.0,0.0,-289581313.7662379,-744364786.2391124,9570628.911071932,12.033241020858513,-4.13168319797565,-0.25203548124006325,32014419.501183465,-104004709.36145571,-3277228.4950881223,33.23655236862327,10.184660065485566,-1.7776103529304248
2031 May 07 02:05:03,2031 May 07 06:01:35,Penumbral,2031 May 07 04:03:21,-104738156.343707,-108654398.4662455,8219.228484707706,20.954509814147574,-20.77797171923534,0.0001326383230731802,-104997056.96239641,-108913697.34637308,835.4557238659631,21.73755356847335,-21.50939665776911,0.0973858139919857,0.0,0.0,0.0,0.0,0.0,0.0,-130354355.94019583,-780908339.0886315,6160381.9180467455,12.744820956613093,-1.5428667549055002,-0.27870443233056025,-103627254.55733728,28231901.266665705,6367183.76288441,-9.37885375082763,-33.94871118884195,0.07432623499920908
2031 Jun 05 11:16:33,2031 Jun 05 12:36:29,Penumbral,2031 Jun 05 11:56:32,-40993952.065297306,-146124344.9033803,10236.197612590766,28.186165621674068,-8.15587021150239,-0.0007646165021667418,-41094290.028694406,-146469667.45050287,19447.90189044902,29.23993462769885,-8.43659133028639,0.09511958715765559,0.0,0.0,0.0,0.0,0.0,0.0,-97895782.76442781,-784149283.8334568,5447713.829362414,12.822680579695856,-1.0094960028086633,-0.28266365391055887,-91346108.37302427,-57596995.07121108,4478422.206272077,18.434512515439973,-29.788144324948895,-1.4732134104306485
2031 Oct 30 06:05:26,2031 Oct 30 09:57:19,Penumbral,2031 Oct 30 08:01:20,119684800.40528007,88020779.17374992,-7220.380909776822,-18.1275692209312,23.875520699733077,-0.0004674469968154575,119997752.46583298,88243665.95928133,773.7678925134577,-18.683172006735457,24.73598817520669,-0.09145527227169739,0.0,0.0,0.0,0.0,0.0,0.0,65666171.72892553,-779779344.6328565,1770524.0735029199,12.877040233943365,1.7092563606885467,-0.29517129680526377,7458920.831452443,107430498.98530696,1047224.4900060409,-35.05588835819614,2.243686150716294,2.053392256795753
2032 Apr 25 12:38:45,2032 Apr 25 18:19:23,Total,2032 Apr 25 15:29:07,-122420983.10720424,-87560553.1580988,7134.662232762577,16.83827190771096,-24.331635221452277,0.0004828245687452553,-122740914.79109393,-87777815.22825515,4029.78165017917,17.445895157385053,-25.147608746724362,0.09441898969596375,0.0,0.0,0.0,0.0,0.0,0.0,259628423.83262578,-727928185.9143838,-2784051.755792049,12.16300166053845,5.006534397143382,-0.29289503938239025,106199070.00056876,21810787.899113193,-5827056.240024372,-7.1725483999737,34.14685593318402,0.8834656685418545
2032 Oct 18 16:42:15,2032 Oct 18 21:56:18,Total,2032 Oct 18 19:19:15,134403258.25978428,64339098.39408782,-5644.513004017596,-13.341609477292801,26.74509734377658,-0.000624632084298379,134735862.33568597,64488125.72756265,-2186.1465135811272,-13.75133526701578,27.741248398089613,-0.09944834549792023,0.0,0.0,0.0,0.0,0.0,0.0,433960294.978232,-628154339.4818085,-7098516.679649477,10.604487182370423,8.04779879692896,-0.27066979710675554,45442588.16520107,-98886257.4577602,-3981838.057422555,31.588681584237364,14.504575356334009,-1.6229603741849923
2033 Apr 14 16:32:51,2033 Apr 14 22:30:11,Total,2033 Apr 14 19:31:33,-136258628.1799807,-62848828.490619525,5759.374576251373,11.988376562531403,-27.152218644471667,0.000844032173392072,-136629175.64701346,-63008885.401983336,7434.042090940893,12.393589891598713,-28.03842146152517,0.09095416463931429,0.0,0.0,0.0,0.0,0.0,0.0,579693076.954661,-483572780.76915663,-10959367.859581325,8.221500724235645,10.65712598941367,-0.22820017330158054,-82205288.59524094,-70227844.61615375,3776317.9426237065,22.501203880766898,-26.794047938833614,-1.6668056282228563
2033 Oct 08 08:38:37,2033 Oct 08 13:48:13,Total,2033 Oct 08 11:13:25,144285466.34639713,38986003.57102904,-4119.352000520944,-8.24971665506186,28.63325358045092,-0.0008653827367269345,144632368.68886194,39069654.769511975,-5134.217615419456,-8.510969975291298,29.700028679557903,-0.10271213132853582,0.0,0.0,0.0,0.0,0.0,0.0,682742500.1699924,-305411860.70324165,-14004817.26010057,5.184221832654552,12.55271021294207,-0.16812514735482748,-85561112.48334438,64793752.6850795,5827749.469350733,-21.27862686560332,-28.097980277284872,0.8409718168625941
2034 Apr 03 17:18:46,2034 Apr 03 21:35:30,Penumbral,2034 Apr 03 19:27:07,-145285328.82447702,-35556411.381635316,3861.793084181351,6.596137276091766,-29.037130661519562,0.001091416102239693,-145679436.17952773,-35645049.679579854,10391.229418948695,6.793125478809293,-29.99070419707997,0.09000921679427021,0.0,0.0,0.0,0.0,0.0,0.0,735729023.772334,-104069336.76643932,-16026671.345013529,1.6763717842558168,13.56354210608565,-0.09384730325857943,43479087.50392218,98742830.73705098,-1149551.6175959676,-32.1665389253953,13.951236265861207,2.0477300810066494
2034 Sep 28 01:06:02,2034 Sep 28 05:07:48,Penumbral,2034 Sep 28 03:06:57,149398557.88451517,12381003.084044315,-2197.0568832558965,-2.941861852524307,29.56283737634754,-0.001102334519917182,149763678.85178205,12403340.629416425,-8047.052977145521,-3.0459289647650083,30.631196174306133,-0.09804765278415586,0.0,0.0,0.0,0.0,0.0,0.0,733213258.5202857,105043385.776432,-16839122.927004717,-2.008681095167687,13.560501239887833,-0.01139855805905687,107114626.72381648,-17812342.776111748,-6424699.189436526,5.576807341152541,34.38845766883714,0.15154768478870478
2035 Feb 22 07:18:18,2035 Feb 22 11:35:21,Penumbral,2035 Feb 22 09:26:47,-132105748.92441523,66646997.77875786,-4283.668691559577,-13.894524821270537,-26.69896157227827,0.001119491855112259,-132438335.79968077,66822441.432865195,-11447.59727538751,-14.422476735494143,-27.60185635181431,0.09461957493491542,0.0,0.0,0.0,0.0,0.0,0.0,688570860.342498,273289713.5271851,-16539398.145092327,-4.977417142353855,12.770240475075244,0.05829244782308148,-72717533.67930251,-80160883.74969058,3091744.078432255,25.69493501043779,-23.695468083467265,-1.808613549214199
2035 Aug 18 23:09:18,2035 Aug 19 04:00:25,Partial,2035 Aug 19 01:34:54,124914431.6101386,-85565561.53603274,5995.366169798311,16.34414822773358,24.4535463464946,-0.0009998431976723236,125236939.16607648,-85795479.58482939,12626.04723597069,16.892017877758875,25.28205945717697,-0.09174349286844712,0.0,0.0,0.0,0.0,0.0,0.0,586893019.742472,456402577.4727078,-15025465.14322008,-8.180421380899487,10.939014781784675,0.137560634622363,-94665024.12466374,50612347.727100134,6158274.391985736,-16.659019275021162,-31.053230748596857,0.5336006590630595
2036 Feb 11 19:57:34,2036 Feb 12 01:12:26,Total,2036 Feb 11 22:34:59,-117009571.82359524,90044928.61041749,-6585.964310595233,-18.64266975109624,-23.710396941154933,0.0008493595751709268,-117288640.3660929,90271574.97183499,-9364.68088393211,-19.346768437387322,-24.54374034954334,0.10147176267384947,0.0,0.0,0.0,0.0,0.0,0.0,441568381.74090075,604485028.3497231,-12389623.46607893,-10.71242643291854,8.329776032535646,0.20504433144605988,29044686.904732604,103823878.61337823,-246312.8505843104,-33.842572839981145,9.266386709801376,2.080057046167548
2036 Aug 07 00:12:55,2036 Aug 07 06:23:16,Total,2036 Aug 07 03:18:06,106973175.95160386,-107554390.47173996,8250.969006937084,20.62978881432096,20.887200708972042,-0.0007749516787967838,107252631.97783284,-107849218.74504885,10355.182272241209,21.331587081918414,21.553662295187475,-0.0903520703729022,0.0,0.0,0.0,0.0,0.0,0.0,263443190.38638896,708361961.1260445,-8836327.7263291,-12.409661703464499,5.174023243430909,0.25612488691351654,108480686.04787788,-3127279.3104001298,-6301659.94306265,0.8578416365267124,34.84594661359069,0.4302880830384543
2037 Jan 31 11:51:26,2037 Jan 31 16:59:45,Total,2037 Jan 31 14:25:37,-98068261.15404688,110037139.89493622,-8637.554818000157,-22.71264159657784,-19.922542725929098,0.0005561652130138402,-98299264.6945934,110310906.57308432,-7122.820082304639,-23.537095987592505,-20.642612191629702,0.10187793830681423,0.0,0.0,0.0,0.0,0.0,0.0,66021264.435165726,761568411.0471977,-4640847.70683024,-13.181312247871329,1.7436459244038418,0.2876312481633269,25577490.987411246,-105759438.12935595,-2931800.7821434997,33.80659697106488,8.110603151303762,-1.838730809006032
2037 Jul 27 01:48:48,2037 Jul 27 07:24:13,Partial,2037 Jul 27 04:36:28,85286616.51170732,-125701852.50373088,10049.601282575293,24.158426293436992,16.607670947863223,-0.00041865215545073116,85501904.9630374,-126036151.04983929,7258.277216211889,25.00784940929789,17.114854838408366,-0.0917929370455383,0.0,0.0,0.0,0.0,0.0,0.0,-135055524.07050297,761975983.8085465,-144224.86419800474,-13.029309764753378,-1.6696234653879933,0.298414426910277,-96151025.93135576,-48961890.07302394,4873051.1333830515,15.651106685887507,-31.372409748628325,-1.3349143412386584
2038 Jan 21 02:19:18,2038 Jan 21 06:15:18,Penumbral,2038 Jan 21 04:17:21,-75600557.00906466,126319494.90079245,-10198.985647575906,-26.03380468452429,-15.403853411752209,0.0003191519872070843,-75785412.41361588,126643170.8773299,-3904.279367989711,-26.926378610392987,-15.965880943452412,0.09513211076169385,0.0,0.0,0.0,0.0,0.0,0.0,-328748304.23552376,711204739.4375856,4399801.472963395,-12.02299114608397,-4.875883028146222,0.2892223703030704,-70944823.1009329,80567142.22440782,5202223.456581623,-26.40700344282761,-23.33238684061284,1.2021475515935232
2038 Jun 17 01:39:20,2038 Jun 17 04:41:05,Penumbral,2038 Jun 17 03:10:10,-11222261.658742616,-151545822.75604632,12844.743669661746,29.212885498733627,-2.31047833850952,0.0011271768712919497,-11254060.721736008,-151912171.66839945,21507.744782697315,30.272674520278304,-2.4429991499271546,-0.09294251177854174,0.0,0.0,0.0,0.0,0.0,0.0,-473082885.67209285,634117787.1200567,7948947.624588179,-10.633459098787137,-7.209397292814113,0.26783603330854405,107798534.2741014,11905881.6371323,-6054894.747745972,-3.9810803392033156,34.6517268046687,0.7068660446716167
2038 Jul 16 10:33:21,2038 Jul 16 13:31:19,Penumbral,2038 Jul 16 12:02:17,61309062.20324935,-139122532.72760922,11464.383969446471,26.765700991657976,11.896416666963606,-5.907626313967896e-05,61455844.69828932,-139470415.57777974,3654.434577679999,27.74100831740637,12.261113925329964,-0.09432219965491077,0.0,0.0,0.0,0.0,0.0,0.0,-499651369.41916823,615281643.1103805,8621577.09816839,-10.303352921466391,-7.6334851157503945,0.26221455089054707,64644740.69909413,86546384.07113025,-2537471.4807253024,-28.167051986328133,20.806737797495423,1.9114820700086959
2038 Dec 11 16:06:13,2038 Dec 11 20:29:47,Penumbral,2038 Dec 11 18:18:02,26868129.657434665,144830274.9122682,-12473.879746120041,-29.76092739341978,5.318650227360928,-0.001314033755161426,26947795.040965814,145224717.92153463,-20242.780126858783,-30.723503564060792,5.490669759443767,0.08742499816921327,0.0,0.0,0.0,0.0,0.0,0.0,-619867175.7324597,504927608.6119332,11769379.496600615,-8.410458872080062,-9.529306967682137,0.22773510208573072,40196132.82833493,-101131548.48313765,-3711638.1154878763,32.310167495767466,12.818126187966627,-1.687413624688547
2039 Jun 06 16:52:16,2039 Jun 06 21:49:01,Partial,2039 Jun 06 19:20:38,-37669795.19464448,-147042937.48923248,12893.369260310974,28.36166029470719,-7.501593564251879,0.0016432322856930464,-37766972.518515535,-147386691.35049605,17087.698119231234,29.415848046359763,-7.805407140700369,-0.09905738709941178,0.0,0.0,0.0,0.0,0.0,0.0,-728650034.4774275,345489342.2837951,14865341.143897327,-5.753796146790559,-11.206678701857205,0.17527435473842518,-87493573.86393242,-63396047.1134304,4174260.8301433837,20.303020545484383,-28.524056116435034,-1.564107056229402
2039 Nov 30 14:31:53,2039 Nov 30 20:32:07,Partial,2039 Nov 30 17:31:59,55204621.41152537,136816523.1349224,-12592.561162072207,-28.09831641687271,11.030091156093201,-0.0017937073660449405,55364700.340408616,137188339.4896908,-16339.980817749502,-28.984448034926448,11.429171188568201,0.08762434287949498,0.0,0.0,0.0,0.0,0.0,0.0,-794444516.1959999,165774165.95884523,17083857.922087673,-2.8229721152533074,-12.19175872866197,0.11380149933803678,-80501129.46866655,70993538.06904492,5621842.0900387475,-23.29282751463077,-26.44886483514796,0.9793084397468426
2040 May 26 09:35:55,2040 May 26 14:53:58,Total,2040 May 26 12:14:59,-62777050.83387007,-137939569.60356766,12954.2213137341,26.617646654351066,-12.446115523923181,0.0020795160815021414,-62936335.71159725,-138265952.50546598,12536.46219602003,27.60246972648274,-12.890552049976822,-0.09776391967648082,0.0,0.0,0.0,0.0,0.0,0.0,-814325087.4067386,-24509495.963572934,18319102.688776787,0.2410820923133547,-12.461476178167391,0.0463819577951259,49475260.24474912,95926205.32758297,-1532449.6308427246,-31.236542585541738,15.894957233191612,2.0209035387125205
2040 Nov 18 16:45:21,2040 Nov 18 22:35:05,Total,2040 Nov 18 19:40:10,81038490.04311113,123653496.83498344,-11945.265461170273,-25.38955535812474,16.21046221098653,-0.0023512822964744926,81260080.32180427,123973502.34995417,-11206.414313104142,-26.196120958812855,16.820325744326873,0.09104873100659712,0.0,0.0,0.0,0.0,0.0,0.0,-787648158.2610202,-211838677.43539503,18500558.621503502,3.2431496699227655,-12.018632624920453,-0.02262297083019949,105139025.47914208,-27276964.49596186,-6440891.9260379635,8.617588126370597,33.74334686837231,-0.0322093683111374
2041 May 15 23:05:49,2041 May 16 03:25:37,Penumbral,2041 May 16 01:15:46,-86179901.53015363,-124283309.00499208,12586.65713467729,23.98684405715086,-17.080006389909858,0.002499516896413715,-86404001.11026159,-124592319.22087672,6924.8031699835,24.848202242694867,-17.645717173896028,-0.09040349525825439,0.0,0.0,0.0,0.0,0.0,0.0,-715414851.4907825,-389042386.7745973,17620794.228891514,6.093549455775794,-10.879080325578542,-0.09112426305281586,3744864.2990511428,-108689317.52939944,-1714078.1968813196,34.7667124594402,1.077727532659584,-1.9906962513742195
2041 Nov 08 03:00:21,2041 Nov 08 07:19:16,Partial,2041 Nov 08 05:09:46,103165719.61223498,106406297.23180518,-11075.210339246416,-21.862051668063103,20.61537795867134,-0.002931835648818345,103428064.91066357,106664979.5435866,-5769.3895676797665,-22.583968682266082,21.400072626832483,0.0947531124701049,0.0,0.0,0.0,0.0,0.0,0.0,-603206939.1375011,-541985514.1045654,15746006.182409592,8.585713852441284,-9.118352770288444,-0.15419325951370041,-104293413.92775165,-26948419.39348455,5644831.687506787,8.532117105047043,-34.06630182571981,-0.9617234899736242
2042 Apr 05 12:51:58,2042 Apr 05 17:26:08,Penumbral,2042 Apr 05 15:09:04,-144100905.61857665,-40414076.367632926,5065.668353261372,7.558685795595348,-28.783469398276107,0.0037306678948570106,-144493244.03765535,-40517214.0995079,12572.904371922044,7.813135764096039,-29.718939745561748,-0.08412917552563683,0.0,0.0,0.0,0.0,0.0,0.0,-481503121.22250885,-646993058.6421957,13459586.957419598,10.33632032292459,-7.198429045465572,-0.20132529059729481,35326143.23532363,101891331.87832098,-633418.0698905856,-33.206039510398455,11.30627659993376,2.0713659756454996
2042 Sep 29 09:18:57,2042 Sep 29 13:21:08,Partial,2042 Sep 29 11:20:03,148976564.79167914,16131734.841368368,-2789.72387848136,-3.689272469803179,29.490971335713674,-0.00399873015542166,149332859.8787212,16163438.062888635,-9795.063857792913,-3.798310770967386,30.58141749811673,0.09522418238136987,0.0,0.0,0.0,0.0,0.0,0.0,-310858866.75541234,-736711538.3526903,10014837.196035491,11.894302682931304,-4.474284873699123,-0.2474983593244665,108035122.94248794,-10613276.727735579,-6378360.27476264,3.2637374026225214,34.69420967992773,0.28996984898696165
2043 Mar 25 12:13:04,2043 Mar 25 18:12:12,Total,2043 Mar 25 15:12:35,-148708636.8873373,-11834521.527030926,2296.1438614634967,1.8789106212109024,-29.796106031779594,0.0039918157521543,-149108548.97381443,-11856830.393797869,5443.9345277126085,1.9048439768651497,-30.778100697303465,-0.08625230867924338,0.0,0.0,0.0,0.0,0.0,0.0,-121203651.29653792,-781961165.8020406,5960024.226990798,12.769037918087257,-1.3926438365406264,-0.27987382805862293,17152915.34008713,-107426372.98198082,-2470619.719813728,34.35086757036496,5.399691870789096,-1.9071460591257963
2043 Sep 18 23:46:31,2043 Sep 19 05:11:32,Total,2043 Sep 19 02:29:04,149885973.74257365,-11092908.046317602,-25.652160187116227,1.7137284129519108,29.58244472227685,-0.004102420206198172,150255148.8857383,-11129691.053339042,-2826.625724987532,1.7767064773806658,30.639667981536267,0.09361728535483418,0.0,0.0,0.0,0.0,0.0,0.0,76358750.90880662,-778285306.5114901,1525112.6253987798,12.860846659024007,1.8888076846325101,-0.2955593641953487,-98656882.51210746,-43586983.56870029,5090215.197622535,13.914860289213742,-32.195398257954515,-1.2465939507148336
2044 Mar 13 17:31:42,2044 Mar 13 23:05:26,Total,2044 Mar 13 20:18:31,-147793772.2859803,16571622.801484577,-433.79851871767534,-3.8020410979949784,-29.70434279698787,0.004102983137354516,-148171331.94097808,16623807.008950025,-1972.085713579851,-3.9871209178361857,-30.719773940355996,-0.09116249906622223,0.0,0.0,0.0,0.0,0.0,0.0,268103998.89072838,-724380200.272305,-2988386.8188463943,12.109807747094921,5.152453449106305,-0.2923133442376828,-63279814.25929397,86741588.94043007,4846318.113776727,-28.41279401682284,-20.831862393019165,1.3517976087678405
2044 Sep 07 09:13:27,2044 Sep 07 14:51:41,Partial,2044 Sep 07 12:02:37,145731249.49239483,-38459842.44179749,2605.3224343465595,7.115261019384017,28.679552806066365,-0.0040194071801906974,146107556.53466305,-38569199.52224019,4695.677589803288,7.355317605864327,29.65456453932113,0.08821186137177177,0.0,0.0,0.0,0.0,0.0,0.0,442682340.64758384,-621437468.0915046,-7321542.75160589,10.496149404398572,8.202134320018958,-0.26888055771770397,69245021.61903235,82957373.50482859,-2850502.8597765,-26.993846369969873,22.289745079202618,1.8645224336252029
2045 Mar 03 06:26:42,2045 Mar 03 10:19:32,Penumbral,2045 Mar 03 08:23:05,-141752157.03945494,43595124.20047131,-3099.6061866113437,-9.236487137766247,-28.573536642076444,0.0041186436589882415,-142096222.43322262,43708999.71355782,-9204.002359123786,-9.602327659361901,-29.59265810850922,-0.0946347735782587,0.0,0.0,0.0,0.0,0.0,0.0,585654084.9780161,-475743969.4697366,-11125265.439671818,8.089865682769345,10.765557070470825,-0.2257041108477185,97680053.39069569,-47696150.61339601,-6292387.951583062,15.166492834016239,31.321010736364194,-0.4429578673874224
2045 Aug 27 12:49:00,2045 Aug 27 16:32:47,Penumbral,2045 Aug 27 14:40:54,136377404.06295255,-65094412.871357724,5220.668935938338,12.343989774465836,26.761887577044885,-0.003855850636968003,136740335.69032627,-65275134.55073517,12593.937705381331,12.765474192625062,27.635416085791267,0.08369022890589997,0.0,0.0,0.0,0.0,0.0,0.0,686731535.0397886,-295564133.5843858,-14134988.374557804,5.0143431779259755,12.627391848212637,-0.16463751171310617,-20866490.61246409,-106618493.49142906,-266686.17120385857,34.13539557643617,-6.8688226103309855,-2.0638159356772094
2046 Jan 22 11:37:54,2046 Jan 22 15:52:13,Partial,2046 Jan 22 13:45:05,-78980070.21173784,124256931.01626532,-11909.061918922927,-25.612393119155723,-16.086570682963774,0.003082751536819304,-79167597.51561922,124565279.3860774,-5185.514839822119,-26.527643969251866,-16.673195202376405,-0.09581065560740164,0.0,0.0,0.0,0.0,0.0,0.0,732412864.7852552,-127869115.06225131,-15853600.732446939,2.093741907760003,13.497538488052417,-0.10291442980314996,-76374848.46692637,75423312.82084842,5445781.90565756,-24.73458384097022,-25.103503999914665,1.0805163045602084
2046 Jul 17 23:19:40,2046 Jul 18 04:21:41,Partial,2046 Jul 18 01:50:38,65138959.021600574,-137360569.6893259,13508.697743011224,26.42179940210918,12.646442316803862,-0.0026570453699671986,65300011.53025854,-137718539.4720149,7494.29750718142,27.35219785361748,13.019376533486195,0.08782635533553439,0.0,0.0,0.0,0.0,0.0,0.0,736489020.2683529,80158909.09477915,-16809027.46747204,-1.5692057306643958,13.615791951834932,-0.021455563099457113,58147848.443112455,90989323.91476677,-2098958.2731548287,-29.62027880940076,18.705393378119023,1.966600924784725
2047 Jan 11 23:25:04,2047 Jan 12 05:01:47,Total,2047 Jan 12 02:13:29,-53925284.95424108,136886268.81212655,-13741.757720229218,-28.187232192383625,-11.027089247844437,0.0025863997322871286,-54055278.18520417,137242233.39908987,-11011.1086677771,-29.14584579024888,-11.425414581661183,-0.09326568863484756,0.0,0.0,0.0,0.0,0.0,0.0,684387682.2121904,283797583.0871865,-16489480.365155295,-5.162432485708851,12.695390003685365,0.06274556170315194,103846627.01767482,-31903424.10859358,-6430237.483180931,10.101163404662158,33.32365996395867,-0.12295811118811682
2047 Jul 07 08:32:58,2047 Jul 07 14:04:32,Total,2047 Jul 07 11:18:42,39416986.33953512,-146883186.55362743,14985.55980945026,28.27603136197561,7.604667056333638,-0.0022498472283576758,39503884.876579896,-147244681.1530099,13936.19342373914,29.31259530045046,7.810761875868015,0.09513014260695257,0.0,0.0,0.0,0.0,0.0,0.0,580998748.0335171,464181479.745729,-14925943.856963769,-8.31502743343717,10.832804017072364,0.14101068269299522,-6695053.676629849,-108504442.91311817,-1110698.4554921968,34.7220237723168,-2.289741926462368,-2.034446699568632
2048 Jan 01 04:50:34,2048 Jan 01 10:43:55,Total,2048 Jan 01 07:47:17,-26272154.54671648,144734754.77612033,-15204.9605105596,-29.782412044280846,-5.430174212611229,0.001997332576866666,-26333719.83283742,145129123.980316,-16996.68519983618,-30.751290319518866,-5.613419270624015,-0.0889747559134066,0.0,0.0,0.0,0.0,0.0,0.0,432962834.9570344,611080681.7816383,-12224496.73924325,-10.822910486934141,8.176065843467114,0.2081486946138234,-105482162.46653578,-21621503.780519385,5785936.8980776435,6.80977706150533,-34.46615893398084,-0.8683899249464895
2048 Jun 26 00:25:57,2048 Jun 26 05:04:28,Partial,2048 Jun 26 02:45:12,13083511.811304497,-151489715.0332666,16109.1349697331,29.182909798291497,2.44993014704726,-0.0017792513944857897,13105351.668306125,-151847312.73764056,19903.69953472993,30.275675711009065,2.5046441436139726,0.09895900414116418,0.0,0.0,0.0,0.0,0.0,0.0,253888339.61415336,712271193.0404177,-8638804.236942453,-12.470790326639342,5.006134464191288,0.2581910270379968,-43523720.53969088,98233702.75870702,3866005.7592912647,-32.135553518699545,-14.383381750347574,1.6551224118533665
2048 Dec 20 05:12:33,2048 Dec 20 09:37:52,Penumbral,2048 Dec 20 07:25:12,2934238.497944125,147141123.4828771,-15781.367759437126,-30.255808713229065,0.48148141828795454,0.001325988439158044,2950082.0472202613,147546930.2180626,-22218.55598858133,-31.22354853062625,0.5236633333867896,-0.08703390192141952,0.0,0.0,0.0,0.0,0.0,0.0,56219161.45155077,762802403.381624,-4426678.410308086,-13.194969158662408,1.575429341558148,0.28864107433183783,85965970.45826772,65678461.82923655,-4052262.50081761,-21.366861295461888,27.679079403848753,1.6143986881062617
2049 May 17 10:17:01,2049 May 17 14:08:24,Penumbral,2049 May 17 12:12:44,-82843193.57365245,-126587042.4588685,14944.903588434583,24.433485672962856,-16.417512030305236,0.0003858802269714904,-83049552.39695834,-126890945.06289566,7417.898430645874,25.33801741397547,-16.987159333056145,0.0973258669517523,0.0,0.0,0.0,0.0,0.0,0.0,-112749466.4137162,764507915.5695256,-653772.0212845707,-13.090050823927331,-1.2951602288823667,0.29821717132065173,11344532.392522497,-108182989.15312223,-2147678.8194338935,34.59691310728724,3.5276492508724573,-1.946836988144961
2049 Jun 15 19:07:54,2049 Jun 15 20:50:09,Penumbral,2049 Jun 15 19:59:03,-13356570.674977902,-151358702.88956764,16766.59087430411,29.179406785845508,-2.7294609430968158,-0.0011647089532897147,-13392207.806699706,-151717121.5001953,25726.983875558915,30.26524309005283,-2.8108187498778,0.09476748754793328,0.0,0.0,0.0,0.0,0.0,0.0,-145850381.96188542,760515743.9003917,103314.46692493348,-12.995915361107365,-1.8503828636742665,0.2984206050447069,86215798.12488607,-66306546.839443654,-5888158.236415934,21.13201922561012,27.623880568519745,-0.8375673567166594
2049 Nov 09 14:47:53,2049 Nov 09 18:44:04,Penumbral,2049 Nov 09 16:45:56,100069657.42956145,109253631.3827303,-13207.171677826473,-22.441085082449646,19.999293198068052,-0.0008790835211813671,100332866.95126489,109532102.32208434,-5341.469620698681,-23.15457135691192,20.73797949932092,-0.09220179098137746,0.0,0.0,0.0,0.0,0.0,0.0,-306155214.52628314,719959899.8977133,3858012.9834338874,-12.186884266840854,-4.506120678274672,0.2913497463224323,-102139000.86287846,-34406166.525228195,5416317.476101282,10.94548508960145,-33.348817960575495,-1.091672320593612
2050 May 06 20:33:32,2050 May 07 02:13:58,Total,2050 May 06 23:23:49,-104153123.35147563,-109225529.01054212,13270.221147280621,21.06768162612539,-20.661563562635912,0.0009377568196818248,-104427472.40719743,-109499676.52205008,10038.390752064975,21.814962975958473,-21.34758073961612,0.09459262216059404,0.0,0.0,0.0,0.0,0.0,0.0,-481920891.8867322,628037136.8291026,8171942.468549257,-10.526663162434879,-7.350845952567654,0.26603360937339204,-58918900.90652095,89772242.4171207,4637595.130842964,-29.39878960438084,-19.41007988407972,1.4277296172846712
2050 Oct 30 01:36:46,2050 Oct 30 06:50:55,Total,2050 Oct 30 04:13:48,119100491.29443279,88797208.64207342,-11373.948491887793,-18.281251145238127,23.75887541314525,-0.0013095203184887918,119397493.79803957,89007143.72814712,-7998.958402143014,-18.87778811557753,24.658271037765523,-0.10042114006783849,0.0,0.0,0.0,0.0,0.0,0.0,-625839376.7945808,498080520.37588906,11931445.979964273,-8.29490227191324,-9.622350296760116,0.2255430020171368,76387898.24474223,76501976.08063352,-3349526.96617517,-24.8881602176314,24.596086346994465,1.7751412886583002
2051 Apr 26 00:15:02,2051 Apr 26 06:13:41,Total,2051 Apr 26 03:14:23,-122360864.78189097,-87637538.67321712,11301.270544992994,16.855302611685275,-24.321618114010036,0.0015147644913047606,-122695064.62195484,-87864755.36639236,12879.404463731067,17.41781473654057,-25.1157618973664,0.09156093203691276,0.0,0.0,0.0,0.0,0.0,0.0,-733158982.468252,336566628.9230231,15003265.563949572,-5.607025400244878,-11.27508723098462,0.17227700700832238,94713847.37855898,-53368725.76883774,-6199925.404157865,16.987581977000925,30.367335273543816,-0.5604526811415431
2051 Oct 19 17:29:16,2051 Oct 19 22:39:03,Total,2051 Oct 19 20:04:09,133712737.86519177,65707808.82183804,-8986.12239522431,-13.61588511349764,26.611702664303106,-0.001684972894115198,134037184.11737481,65856396.29953447,-10027.319727593394,-14.078519272735708,27.60782434296245,-0.10356435851151578,0.0,0.0,0.0,0.0,0.0,0.0,-796580174.0041394,156277835.43333533,17171084.61359843,-2.669157387078031,-12.222767599959477,0.11048630257355223,-28711528.416845314,-104731398.73196499,209634.66703511254,33.541068384217965,-9.403864562485332,-2.064456548894533
2052 Apr 14 01:09:24,2052 Apr 14 05:27:50,Penumbral,2052 Apr 14 03:18:36,-136347534.8216753,-62645928.62866866,8684.435373141765,11.948697551676572,-27.170945025241373,0.0019418533410586677,-136717260.15354753,-62807391.85126272,15152.994220429191,12.321463396063367,-28.071776880123075,0.09103516452402613,0.0,0.0,0.0,0.0,0.0,0.0,-814093803.8172328,-33689612.87578659,18352077.184702296,0.38836166351352097,-12.456383258459207,0.0430599099908941,-107497493.37694578,2422794.567118887,6233680.438722876,-0.9895227525134156,-35.167569139259705,-0.428637668906418
2052 Oct 08 09:39:46,2052 Oct 08 13:42:54,Penumbral,2052 Oct 08 11:41:22,143845690.46356112,40462768.13096988,-6195.0500057006875,-8.546303570872302,28.553225414563517,-0.0020831357653425804,144200651.677585,40554394.28172214,-12042.74709946262,-8.852349141962241,29.57985381649778,-0.09886162105347131,0.0,0.0,0.0,0.0,0.0,0.0,-784896648.9383715,-221773097.04789013,18480300.381292555,3.4023803007120503,-11.974774672217379,-0.0263641982009868,-22106250.41964673,105239100.32983163,2728734.6360446448,-34.39155044611817,-7.394237983228848,1.881512612491768
2053 Mar 04 16:10:33,2053 Mar 04 20:30:23,Partial,2053 Mar 04 18:20:25,-142930004.18517944,39795934.282668166,-3140.413120945614,-8.469069650381057,-28.797584033762543,0.0023395107171633005,-143289404.4088314,39903218.49313436,-10173.931577665528,-8.812099398509751,-29.78830594072303,0.09620169202977084,0.0,0.0,0.0,0.0,0.0,0.0,-726383441.0554321,-368758097.9598671,17781899.216452375,5.765770784455212,-11.051238920991663,-0.08307547480182552,100689222.60762219,-40893097.51035179,-6372471.477515052,12.98495680488139,32.29557863904275,-0.30283455903447815
2053 Aug 29 06:44:09,2053 Aug 29 11:30:51,Partial,2053 Aug 29 09:07:33,138306406.55404812,-60726881.95910357,5742.667793047415,11.488083163731167,27.15362821924478,-0.0022385780491027208,138666933.83389986,-60893109.49066478,12568.573880601254,11.872462257036018,28.06699409262425,-0.09273479036670416,0.0,0.0,0.0,0.0,0.0,0.0,-617791561.8041286,-526058847.49849635,16006103.573963888,8.323920158663165,-9.347404612033506,-0.14738377372616834,-12508611.449243946,-107961133.09641668,-769897.1814225508,34.55563027821445,-4.168059570678942,-2.0507006637355336
2054 Feb 22 05:11:51,2054 Feb 22 10:26:56,Total,2054 Feb 22 07:49:23,-132668413.54357529,65561719.71324061,-6392.60663803319,-13.67427183855003,-26.807501813713394,0.0021362403425246707,-132986056.92301078,65729242.92268949,-9017.98466172579,-14.200926742592063,-27.764169793878587,0.10297893236318713,0.0,0.0,0.0,0.0,0.0,0.0,-473825389.3201254,-652272086.2242657,13309768.880180279,10.425823942242856,-7.076844897909799,-0.2038394591396187,-106825967.34696727,-13065079.197785102,5980887.724257726,4.034962637762545,-34.91750126697636,-0.7151353493035042
2054 Aug 18 07:27:30,2054 Aug 18 13:37:00,Total,2054 Aug 18 10:32:15,124778956.55210371,-85767087.09950519,9036.452362368307,16.38390264852844,24.426783597740858,-0.002015238841969326,125108143.34018715,-86005146.39395905,11387.403159871905,16.95214509574494,25.210205182065444,-0.09159118741766958,0.0,0.0,0.0,0.0,0.0,0.0,-301790203.5370075,-740059095.0813481,9825882.099041179,11.954838990465118,-4.328425120941793,-0.24945628737175132,-36271783.002382,101165755.16814035,3489747.189002305,-33.08448275692143,-12.014768787443742,1.7422178264068122
2055 Feb 11 21:13:06,2055 Feb 12 02:20:02,Total,2055 Feb 11 23:46:35,-117984146.83511972,88785679.00729169,-9553.90697823691,-18.38794389176276,-23.905096313947393,0.0018424420732313727,-118264753.51413202,89008932.62158833,-7854.207521967584,-19.052775628543795,-24.773341660931877,0.10304329160285718,0.0,0.0,0.0,0.0,0.0,0.0,-110983018.45391412,-783006907.6707629,5735724.163665353,12.79375267328503,-1.2246757633378453,-0.28112022619897076,89866372.89914598,60279492.604941234,-4350381.884537607,-19.616795815039435,28.93535348979073,1.5312082655365455
2055 Aug 07 09:09:20,2055 Aug 07 14:47:35,Partial,2055 Aug 07 11:58:25,106855468.50427082,-107681923.74787337,11938.272525517796,20.652877215121812,20.861895740308604,-0.0016404568903796138,107127979.98112875,-107970191.04771526,9424.04296742418,21.397124993111213,21.51732232536151,-0.09330647235674432,0.0,0.0,0.0,0.0,0.0,0.0,85543532.3811993,-776880810.9574889,1313779.7954989914,12.844845181278798,2.0433977238589107,-0.29584081751790325,79871898.4520422,-73858155.06379555,-5627081.514007118,23.553753038862755,25.581058491319588,-1.005003334575108
2056 Feb 01 11:37:38,2056 Feb 01 15:26:15,Penumbral,2056 Feb 01 13:31:59,-99134468.93270706,109080930.54299267,-12324.605385601206,-22.520960934638516,-20.139275790859138,0.001576767016307418,-99380247.77048412,109362357.18972343,-5784.743827857803,-23.282617609864346,-20.865441143463343,0.09602560228084964,0.0,0.0,0.0,0.0,0.0,0.0,278156954.59994465,-720019296.863518,-3231408.770857857,12.044291022201469,5.32596271774861,-0.29157462935193806,-48457559.04578171,-97029950.50396045,1453860.9995157018,31.09335144540013,-15.803892727270384,-2.0116715044576807
2056 Jun 27 09:37:43,2056 Jun 27 12:27:24,Penumbral,2056 Jun 27 11:02:32,16897556.894123796,-151124304.96239054,18268.118863529064,29.10837716881256,3.1972160391009052,0.00041896869492721715,16934045.326644395,-151489282.01885638,27124.723097178616,30.176836535752482,3.2645811260028,-0.09374460039489005,0.0,0.0,0.0,0.0,0.0,0.0,423327061.87863517,-636081844.7796277,-6827711.389897829,10.731824870316267,7.8598305214626825,-0.2727310004360401,-50224237.605067864,94950627.65903088,4208763.85072657,-31.07438452552255,-16.571416163816142,1.5631498484394857
2056 Jul 26 18:09:50,2056 Jul 26 21:20:55,Penumbral,2056 Jul 26 19:45:20,85793384.32320908,-125360776.99097137,14505.630954905328,24.08935110528853,16.70547568700483,-0.0011847093695652024,86000703.33287205,-125674944.15206887,7008.495983879045,24.983889299899865,17.244528775926568,-0.0959380099763497,0.0,0.0,0.0,0.0,0.0,0.0,450131620.0740313,-615542805.6418899,-7512678.011057989,10.400985398117323,8.333939624756924,-0.26730228620940544,-104019764.63078116,26762480.75790299,6368987.555785682,-8.899622325305918,-34.07656409565916,0.04234156990368543
2056 Dec 22 00:49:07,2056 Dec 22 05:20:43,Penumbral,2056 Dec 22 03:04:57,-2149730.1335346,147134214.52099425,-18019.919540498217,-30.258496372425217,-0.5481046794703145,-0.0006449156215338776,-2149012.934731371,147537147.8247964,-25620.669579626356,-31.234848173549008,-0.5668551435877334,0.08808888481248385,0.0,0.0,0.0,0.0,0.0,0.0,571149935.8142656,-494446020.1336742,-10723085.068463903,8.403638126309607,10.502345277602277,-0.2316280137881081,80363826.534427,72360035.42046686,-3634761.7473136038,-23.539097669472817,25.87614457853907,1.715179214555373
2057 Jun 17 00:58:56,2057 Jun 17 05:52:47,Partial,2057 Jun 17 03:25:51,-9879201.434513342,-151647377.35748538,19292.40199843848,29.230454487776115,-2.0478043945162248,0.0011114822057247242,-9911114.492746003,-152003078.43222016,23715.03137378373,30.32309821666885,-2.1493121072835724,-0.09956336182428538,0.0,0.0,0.0,0.0,0.0,0.0,677456883.2033794,-317900935.6520369,-13834732.941641215,5.399820986364765,12.454055877591388,-0.17253726705974898,90259985.31847173,-60653784.73771318,-6043983.503305759,19.319768974715267,28.927532194251842,-0.714257617458994
2057 Dec 10 23:11:15,2057 Dec 11 05:13:17,Total,2057 Dec 11 02:12:15,27251798.799193457,144764691.44004408,-18835.132678233953,-29.74584229665312,5.395238145659151,-0.0013994673463667685,27335837.415927578,145160314.3460059,-22410.73977120753,-30.693550963544954,5.6146490822727495,0.08815219546025344,0.0,0.0,0.0,0.0,0.0,0.0,733864145.6584834,-118108145.61708131,-15926627.605588082,1.9227284834626681,13.526346296739812,-0.09921271414814686,-36244453.776477985,-102323637.5567653,675479.8140424363,32.77398042618235,-11.843344998714823,-2.053863998647727
2058 Jun 06 17:38:41,2058 Jun 06 22:58:21,Total,2058 Jun 06 20:18:33,-36212820.20505697,-147415063.49154785,19460.2763041432,28.434221752275352,-7.217139847922589,0.0017684112439700099,-36309124.25406984,-147766062.49264118,19265.761947952615,29.48252352337738,-7.469481082274878,-0.09788461740201528,0.0,0.0,0.0,0.0,0.0,0.0,735097513.2447627,91493090.98183914,-16824985.555655356,-1.76929874244081,13.592251732309387,-0.016886163242011868,-107104432.31497762,9040613.846735733,6301828.013272115,-3.140479339569825,-35.05382465734854,-0.3035905153121162
2058 Nov 30 01:38:23,2058 Nov 30 07:26:05,Total,2058 Nov 30 04:32:11,55165990.97957738,136837885.81224826,-18839.032055047915,-28.100644179411283,11.020256042362242,-0.002254065700291437,55320317.39590267,137194179.72131452,-17944.8536368377,-29.013037124456584,11.461937506770699,0.09138545685029033,0.0,0.0,0.0,0.0,0.0,0.0,680778945.768179,292520374.6358838,-16444966.82384647,-5.315986587512422,12.63058732447104,0.06645255005540797,-12507628.787440114,106857905.16029857,2199432.4703846797,-34.901481373882056,-4.262035759977759,1.953885620737098
2059 May 27 06:51:59,2059 May 27 11:17:41,Partial,2059 May 27 09:04:53,-61738743.09435007,-138411087.1239428,19246.711976473176,26.711324306168944,-12.244275304718357,0.002440827795456203,-61902179.13320622,-138757349.76709753,13786.827162770229,27.659713381686384,-12.639349233069055,-0.09030609699703755,0.0,0.0,0.0,0.0,0.0,0.0,573884071.2238139,473309036.3527683,-14804711.864799147,-8.473073840025434,10.704631613409235,0.14508424987544666,100418565.21956895,40618473.36470515,-5229480.193818701,-13.245832521211286,32.312683714318304,1.210887360388787
2059 Nov 19 12:06:17,2059 Nov 19 16:21:28,Partial,2059 Nov 19 14:13:50,80251343.5559548,124159201.13703893,-17628.71990428209,-25.49162404378422,16.050545411237984,-0.0030450124129835694,80457718.17860352,124463377.63147143,-12212.068080953293,-26.355299274250168,16.67984458766181,0.09480068655223194,0.0,0.0,0.0,0.0,0.0,0.0,425278332.806389,616812197.6232187,-12076408.062519163,-10.918694336150555,8.039132171201969,0.21086154697536671,62545134.451514214,-89048263.44127953,-4838929.483938985,28.42791231886229,20.007048475081653,-1.3627447611164842
2060 Apr 15 20:41:08,2060 Apr 16 01:12:20,Penumbral,2060 Apr 15 22:56:45,-134265652.36695454,-67166220.67046784,10444.533797913185,12.83968457358393,-26.744207902220275,0.004512974973664153,-134631524.2762895,-67341920.3713084,18036.14427354735,13.264746095431388,-27.614893105831168,-0.08320091827571394,0.0,0.0,0.0,0.0,0.0,0.0,275611793.6659426,703166226.9737271,-9086961.096961018,-12.32800756754959,5.3875763813892705,0.25340694440314143,-107389781.64758785,-6332823.805286281,6105793.41957911,1.8526797057783548,-35.11582648802747,-0.5926207170194024
2060 Oct 09 18:02:18,2060 Oct 09 22:04:26,Partial,2060 Oct 09 20:03:23,142713267.86378595,44099522.46676789,-7401.124956380992,-9.274096241264997,28.33656132728267,-0.004931944732842905,143057219.46081635,44198661.98367416,-14438.812952493467,-9.59068378769387,29.385015064842214,0.09422465799777034,0.0,0.0,0.0,0.0,0.0,0.0,79657544.62682775,759642006.8210574,-4937866.763087562,-13.158983139525438,1.9782185765250528,0.2861639639507401,-29233194.451579303,103451197.89386204,3117160.5943967816,-33.81945315395006,-9.719957048544558,1.8159783476398774
2061 Apr 04 20:15:49,2061 Apr 05 02:13:29,Total,2061 Apr 04 23:14:36,-144191038.55886164,-40070531.72159565,6892.702137969734,7.491059303944035,-28.80186800368786,0.0049205705012532784,-144578668.99146652,-40168424.11326394,10070.908659785622,7.702481028576621,-29.763018376559497,-0.08541079817422352,0.0,0.0,0.0,0.0,0.0,0.0,-122123172.79073638,763523807.2130666,-439983.08675942896,-13.066021644452574,-1.452627559897361,0.29833823211155147,94503592.32042174,52817590.00859962,-4719492.711948524,-17.19476525568011,30.418102799300158,1.4124871524410079
2061 Sep 29 08:09:18,2061 Sep 29 13:35:18,Total,2061 Sep 29 10:52:21,148808794.82481915,17431969.93084557,-3928.942660532159,-3.9463514260907067,29.462433527397426,-0.0051350298921751004,149179204.90836927,17465870.233543184,-6802.446764392382,-4.085196873884367,30.50982648739107,0.09230407782354637,0.0,0.0,0.0,0.0,0.0,0.0,-316236497.6230764,716152199.420595,4099350.6317667426,-12.115237625843037,-4.671062382805954,0.29043493298887424,75879454.58460498,-77970364.8702487,-5454802.190745983,24.872494155021386,24.29500020049312,-1.09831172946484
2062 Mar 25 02:05:23,2062 Mar 25 07:37:15,Total,2062 Mar 25 04:51:16,-148684383.53815454,-12161351.244470472,3483.1349017953526,1.9455207955848675,-29.790971461725313,0.005208341136352558,-149063908.88585788,-12182589.551790306,1916.74117180159,1.9590305711773304,-30.825719000073438,-0.09025589028578852,0.0,0.0,0.0,0.0,0.0,0.0,-489265488.04388857,622844963.0930264,8357815.109699031,-10.435544938596903,-7.468121774707284,0.26447597738461703,-57035259.35919861,-92169927.51988928,2013820.8709135528,29.539692423906768,-18.587266192180277,-1.9607308668266485
2062 Sep 18 17:04:45,2062 Sep 18 22:45:44,Partial,2062 Sep 18 19:55:18,149925631.22953808,-10365939.550331727,-432.9691802568868,1.5719714040770016,29.59359214051375,-0.005193695818550835,150316798.0770509,-10402755.347574342,1536.5464277547833,1.6254505165843052,30.59372632296029,0.08682015725271616,0.0,0.0,0.0,0.0,0.0,0.0,-632610280.9616992,490118289.2420148,12116017.189587224,-8.160533121091872,-9.727914290850858,0.22297322772759487,-102402709.51034872,32354997.375792827,6353148.641296766,-10.719197941138464,-33.553819589012264,0.15385588640649098
2063 Mar 14 15:26:22,2063 Mar 14 19:16:04,Penumbral,2063 Mar 14 17:21:11,-147938223.91167974,15383790.328275204,-157.54470737432828,-3.562341669849865,-29.730337391612952,0.005343475479848937,-148297250.28913525,15428795.717172949,-6334.663315615544,-3.722655211978621,-30.802813757755423,-0.09344351712094573,0.0,0.0,0.0,0.0,0.0,0.0,-737233046.4557617,328251707.6475074,15128970.4335386,-5.470536489720275,-11.336968651002312,0.16948250681303942,9401186.498987654,107287179.59456171,942523.1843894261,-35.00646782866973,2.8776262514462907,2.0585956087424573
2063 Sep 07 20:11:56,2063 Sep 08 00:04:36,Penumbral,2063 Sep 07 22:08:16,145740729.5485222,-38420830.1567752,3169.0155525761525,7.1073820392565805,28.682139461330944,-0.005176888552027627,146131207.34386095,-38530982.03987915,10343.011577736486,7.361001993640804,29.617618917051985,0.08242754640527407,0.0,0.0,0.0,0.0,0.0,0.0,-798593992.6285605,146769482.93588707,17255636.400593635,-2.5154513116202777,-12.251861088836865,0.10717530641971468,107141916.96324995,16706345.153287161,-5947180.475897457,-5.526626743994479,34.444912923757094,0.7954687428909166
2064 Feb 02 20:58:33,2064 Feb 03 01:18:02,Partial,2064 Feb 02 23:08:19,-102054015.95280704,106407404.23832783,-13547.027435155866,-21.973306614242585,-20.72344648954191,0.0044211818512923965,-102298897.64452404,106673288.49951498,-7005.146162135964,-22.753135805940946,-21.47853674850771,-0.09439716605974054,0.0,0.0,0.0,0.0,0.0,0.0,-814467173.236091,-11838249.152569842,18269649.68363977,0.0377873917146452,-12.46611041573189,0.05093883992712203,-41746124.194231845,-100155748.15060815,1020928.7199550493,32.089331679388025,-13.626903788311846,-2.0390955539695836
2064 Jul 28 06:47:17,2064 Jul 28 11:42:28,Partial,2064 Jul 28 09:14:50,89200800.03908323,-122923863.73567624,16189.138839736757,23.616364382087795,17.3774437371975,-0.003892932025662771,89424442.0857051,-123245125.55329573,9950.060082027048,24.46497389882475,17.916189050846764,0.08662893565061562,0.0,0.0,0.0,0.0,0.0,0.0,-790816879.0814672,-199710069.03994557,18521085.051169604,3.048827230437247,-12.06949083731616,-0.018063007097856125,-105735888.56202567,19059224.548931435,6361195.764618018,-6.394186143185491,-34.62351220484778,-0.11056794573278404
2065 Jan 22 08:35:58,2065 Jan 22 14:15:05,Total,2065 Jan 22 11:25:35,-79939731.10383308,123652005.96372832,-16430.171721495357,-25.489768949604063,-16.277994027337833,0.0038335847553337787,-80137875.88846314,123976161.02876033,-13930.44737027945,-26.348740539662543,-16.856348469987534,-0.09175700392280425,0.0,0.0,0.0,0.0,0.0,0.0,-721558249.9092321,-377858414.4534507,17711785.297395907,5.9125406065821355,-10.97551860478473,-0.08667192200908545,-7746036.852460622,107331902.25991963,1932536.3009335704,-35.04850403800101,-2.70977379163252,1.9835970649508228
2065 Jul 17 16:21:14,2065 Jul 17 21:51:24,Total,2065 Jul 17 19:06:16,65737490.701732695,-137068297.37039173,19030.363597915828,26.36561600374671,12.764808918416145,-0.0034193955832095197,65888979.35415608,-137406664.08452505,17743.55559344557,27.348887281359683,13.160069588554524,0.09415249315657885,0.0,0.0,0.0,0.0,0.0,0.0,-611797134.4097689,-532712724.3629919,15899636.689733332,8.433206236100698,-9.253197171738146,-0.15021374604722876,103920357.62830219,30731392.461205292,-5567023.398095711,-10.05340699997071,33.42804616715333,1.0426645346768657
2066 Jan 11 13:44:51,2066 Jan 11 19:36:24,Partial,2066 Jan 11 16:40:40,-54312717.56917144,136734489.3914893,-19192.539273095532,-28.157175044269128,-11.104603810605875,0.003115600644659224,-54451146.57293011,137109579.8073754,-21241.55407107644,-29.069686250143963,-11.47378660410606,-0.0876295066758531,0.0,0.0,0.0,0.0,0.0,0.0,-465466940.77524483,-657866445.1102381,13146011.480317429,10.52087235790969,-6.944115304950294,-0.20651793420609232,58045404.77326043,-92058583.76943949,-4622112.324311474,29.390109591954314,18.557871948805275,-1.437790423718946
2066 Jul 07 08:25:15,2066 Jul 07 13:07:31,Partial,2066 Jul 07 10:46:22,40760225.33543037,-146512199.55625138,20849.280493916467,28.204385833848104,7.8680021904503485,-0.002765625163137078,40847353.37026528,-146859376.10661387,24399.359563061396,29.26885531565273,8.12494775673606,0.09809341116366009,0.0,0.0,0.0,0.0,0.0,0.0,-292554086.10698354,-743338323.0350904,9632871.365865204,12.01464306436476,-4.179686215531945,-0.2514171568253223,-74878014.22967905,-78118665.84813942,3236023.921253719,25.036859326190456,-24.39922217004804,-1.781665344988674
2066 Dec 31 14:02:38,2066 Dec 31 18:19:11,Penumbral,2066 Dec 31 16:10:54,-26119226.233749222,144758694.4377537,-21174.111025122867,-29.788895037795367,-5.4008746458326105,0.0022680083492780567,-26183880.123819385,145159484.11157674,-27872.16059311136,-30.74648911853337,-5.54928935303717,-0.08600132534099118,0.0,0.0,0.0,0.0,0.0,0.0,-101490033.05352491,-783856891.8376611,5526906.962635601,12.814891991397714,-1.0686435739928295,-0.28224475646450614,-92551847.24536565,54368754.78610446,6090271.195128829,-17.882368218658335,-30.367379828902994,0.6105207997244918
2067 May 28 18:24:08,2067 May 28 22:09:20,Penumbral,2067 May 28 20:16:46,-57999587.88885956,-140068261.39589903,21743.35908980578,27.027794393746515,-11.505044185745763,0.000199118360056212,-58146044.854936324,-140406183.80371988,14054.48662176618,28.020664308228316,-11.893983729029005,0.0967906416455783,0.0,0.0,0.0,0.0,0.0,0.0,63609953.79493566,-780050369.9851532,1817612.5357694726,12.880083766588612,1.6747116912180224,-0.2950938756698113,97248893.85839982,47628530.62943749,-4948110.738538261,-15.514156945718478,31.29998774847043,1.3282387384079846
2067 Jun 27 02:59:02,2067 Jun 27 04:59:51,Penumbral,2067 Jun 27 03:59:28,14768940.981792549,-151341855.68584642,22301.38632699797,29.15224472178298,2.7787080594000773,-0.0019510453272161765,14799466.866917482,-151701370.95413917,31013.099140708306,30.232706460539667,2.898958778165904,0.09399836898340512,0.0,0.0,0.0,0.0,0.0,0.0,96213609.1074282,-775107072.4595503,1067711.3763812194,12.823685692363846,2.222997914012132,-0.29610905277144406,31211987.56394924,103207060.58719628,-370113.30710084265,-33.63749884703428,9.970194971807297,2.077843948134607
2067 Nov 20 23:37:00,2067 Nov 21 03:38:27,Penumbral,2067 Nov 21 01:37:41,76678812.73098658,126337650.31585154,-19966.691902514747,-25.940097645791354,15.335559778209333,-0.0008455366813902569,76882361.50425881,126661090.44576,-12260.61670454417,-26.78578293952196,15.923017842547921,-0.0925114401371344,0.0,0.0,0.0,0.0,0.0,0.0,255522565.11036932,-729604497.6128398,-2685235.6295604343,12.187943135788808,4.935920820094581,-0.2931657128970295,68644717.39591832,-84424420.73782006,-5127966.754640706,26.943922944914835,21.969469739719763,-1.2493719843381477
2068 May 17 04:21:30,2068 May 17 10:01:24,Total,2068 May 17 07:11:30,-82175112.39419699,-127039313.08322561,20176.759692428113,24.51858686239485,-16.285534479365467,0.001009103616280651,-82394113.99672943,-127360759.51452208,16791.13426933217,25.377977028229036,-16.819002178886976,0.09436502275470274,0.0,0.0,0.0,0.0,0.0,0.0,432239685.1367857,-629456313.787939,-7054640.3905163435,10.625532244191442,8.017182839016423,-0.27101271871977434,-61482863.230000876,-89213330.35793032,2309359.208971742,28.594621261119435,-20.035098840294772,-1.926498696272347
2068 Nov 09 10:38:26,2068 Nov 09 15:52:59,Total,2068 Nov 09 13:15:41,99328624.61066899,109908665.69177385,-17936.4503673892,-22.57502141797581,19.851499664817613,-0.0014948564043704966,99578802.06224295,110171680.68611272,-14682.734904017841,-23.337073881007534,20.618549560958574,-0.10088357007068859,0.0,0.0,0.0,0.0,0.0,0.0,577123057.2609066,-486885929.5337611,-10888103.073546879,8.276929921772004,10.610591302175202,-0.22924577452712896,-99090732.32521665,41312756.915837534,6286432.447242549,-13.635021100374338,-32.49053007965189,0.3360662840305703
2069 May 06 07:47:30,2069 May 06 13:47:49,Total,2069 May 06 10:47:41,-104098565.8983212,-109279526.53908134,17937.867272842508,21.077596033073316,-20.651592673989445,0.001761513893203091,-104384692.12893757,-109565549.0099478,19375.362825048396,21.776490323310423,-21.327151349866483,0.09174612900418992,0.0,0.0,0.0,0.0,0.0,0.0,681664046.7866716,-308009032.4568255,-13969944.472338742,5.229090215519947,12.532493634305627,-0.16904084109074582,16012637.688383026,106539876.21628663,552964.1040856225,-34.750501481038505,5.026693108390853,2.073505693554415
2069 Oct 30 02:28:29,2069 Oct 30 07:38:10,Total,2069 Oct 30 05:03:19,118162878.90290388,90006306.68853964,-15369.313392488393,-18.525126418115896,23.574593782465904,-0.002109791969862658,118452588.66046065,90214745.02791083,-16487.906311845898,-19.172781435721372,24.461497926589843,-0.10398903288209907,0.0,0.0,0.0,0.0,0.0,0.0,735290629.0271795,-107559181.90902612,-16002371.558406895,1.7376149876405584,13.554941039447671,-0.09518414761651728,108107046.22898585,8913191.433011599,-6110313.066600845,-3.0164264963692053,34.74275801028555,0.6554024330488781
2070 Apr 25 08:50:45,2070 Apr 25 13:12:31,Penumbral,2070 Apr 25 11:01:37,-122474945.54663634,-87455174.06688343,15224.541352854494,16.822306688673546,-24.347957803399968,0.002422786514616436,-122807250.84684846,-87682957.61210051,21585.960832843262,17.357000068631656,-25.164776473855632,0.09171463367200372,0.0,0.0,0.0,0.0,0.0,0.0,733731268.4888408,101482250.55965567,-16835947.024993803,-1.9456688868739587,13.569135085577113,-0.012846511048194691,36434787.15362441,-102541246.23749952,-3522151.9465330425,32.765988686446256,11.607874884476713,-1.728474511060383
2070 Oct 19 18:22:01,2070 Oct 19 22:25:10,Penumbral,2070 Oct 19 20:23:38,133013650.3661779,67073636.66681135,-12271.048305129332,-13.889546012561988,26.474279857956287,-0.0027432019621205163,133345180.1755889,67231968.48950112,-18170.868532647277,-14.386726677607713,27.42075830507449,-0.09931170926603551,0.0,0.0,0.0,0.0,0.0,0.0,676304669.8087939,302937560.03571165,-16388149.226994257,-5.498986224685938,12.550200080680817,0.07087584810362968,-89172248.14093935,-60968158.32593642,4296791.55035856,19.52164280793514,-29.074338005784007,-1.528662210222995
2071 Mar 16 00:55:35,2071 Mar 16 05:16:47,Partial,2071 Mar 16 03:06:08,-148352168.12263983,11467454.250926496,397.42406981423267,-2.776167038360719,-29.8024748555014,0.0035474680047129508,-148724561.82236663,11503286.526923303,-6539.987072213166,-2.921397463686998,-30.84334192583191,0.09774350780119166,0.0,0.0,0.0,0.0,0.0,0.0,589207939.7638991,453290429.70014834,-15064351.515122073,-8.126565735523416,10.980663855244217,0.1361841241247302,1931126.5432425507,107641618.32507883,1380719.4833657849,-35.13457216065415,0.4448413669213083,2.032117611661957
2071 Sep 09 14:25:46,2071 Sep 09 19:08:57,Partial,2071 Sep 09 16:47:24,146832013.23171636,-33717563.379011065,2988.8727018663385,6.181094470317924,28.90884587742009,-0.00356171640625403,147218150.5843772,-33813541.53359008,9963.32582660188,6.388551234143514,29.875594632328777,-0.09383775537232124,0.0,0.0,0.0,0.0,0.0,0.0,443964071.8209327,602614756.9425266,-12435441.59101726,-10.68090622584543,8.372776078250029,0.20416207718773866,105462092.62070566,25065398.04360335,-5733465.5792949265,-8.22218805481246,33.914791732219456,0.9442912480722394
2072 Mar 04 14:18:55,2072 Mar 04 19:33:57,Total,2072 Mar 04 16:56:25,-143269597.9198454,38607760.85025776,-4008.9515908634135,-8.22984845614366,-28.863385402366465,0.003464211728736627,-143613400.02483976,38710228.66685712,-6513.918894390185,-8.559145180053994,-29.905640134296675,0.10450315870798753,0.0,0.0,0.0,0.0,0.0,0.0,266413387.01624885,707116156.30398,-8897608.265807621,-12.390141998216869,5.226014603982159,0.255466557975314,50652775.59724662,-96320021.5490015,-4256078.902305387,30.764314097434035,16.18055607504748,-1.5495509910679381
2072 Aug 28 14:47:59,2072 Aug 28 20:56:36,Total,2072 Aug 28 17:52:17,138208230.64090192,-60970967.02358632,7665.738836978552,11.53604778636501,27.13158573506356,-0.0033882841901514546,138575874.86746648,-61143722.44960717,10226.177298479135,11.95095007554823,28.00608622109181,-0.09297933706829299,0.0,0.0,0.0,0.0,0.0,0.0,69708686.91944912,761071190.9104002,-4721239.801406965,-13.175587437649174,1.8070666778276505,0.28724229403972246,-80311136.56001066,-72414987.99647821,3626761.900109915,23.208324407823078,-26.175428677191192,-1.7011070575111935
2073 Feb 22 06:28:09,2073 Feb 22 11:33:52,Total,2073 Feb 22 09:01:02,-133376378.0317689,64157937.57410526,-8271.419166922173,-13.390479219629402,-26.945547253093224,0.0032662762650395934,-133695612.35607246,64322185.297168605,-6413.038650724689,-13.870586873877706,-27.9267077071989,0.10433825980589422,0.0,0.0,0.0,0.0,0.0,0.0,-132616378.83790901,762285457.9055007,-200072.05573420064,-13.036695714916375,-1.6288438224584472,0.2984105272930706,-89005400.7364968,59989214.40346521,5963695.338072578,-19.711866808572534,-29.21558426492155,0.7314731565377119
2073 Aug 17 16:36:17,2073 Aug 17 22:16:44,Partial,2073 Aug 17 19:26:28,124691178.874219,-85886121.32033242,12055.5611111018,16.40937329292658,24.41089006909886,-0.0030798981794685947,125011493.18118781,-86118497.21574168,9784.463875575582,17.02219031712858,25.193726509060987,-0.09504259941096892,0.0,0.0,0.0,0.0,0.0,0.0,-324831107.50832593,712779930.2972468,4305644.093049732,-12.0522525349966,-4.81167499414453,0.28961589752953143,40664994.17811817,99916397.72606929,-958898.4684776093,-32.552945154325,13.039106676080356,2.0577924905340974
2074 Feb 11 20:49:04,2074 Feb 12 00:30:45,Penumbral,2074 Feb 11 22:39:57,-118830604.5756379,87680992.30602232,-12496.165485961585,-18.162107873626198,-24.073164911287677,0.0030433067037392383,-119127683.99060787,87909131.38440159,-5736.302943423455,-18.764072492105104,-24.933268107713072,0.09714575256511096,0.0,0.0,0.0,0.0,0.0,0.0,-497929130.0703278,616554623.274742,8577760.957405988,-10.325637264772407,-7.606117591037491,0.26259383084588056,107863366.00918657,-12281785.222057732,-6389483.660368728,3.800501016046322,34.63770509348716,0.2612935438179333
2074 Jul 08 17:36:52,2074 Jul 08 20:13:23,Penumbral,2074 Jul 08 18:55:05,44430529.88945242,-145432984.82500535,22830.50342796079,27.995449132152714,8.588000841208148,-0.0006902591218994169,44533706.153066225,-145784031.20533842,31877.384072459194,29.035040301989362,8.8538917103487,-0.09495715482623904,0.0,0.0,0.0,0.0,0.0,0.0,-617464564.1307654,507636415.66969806,11704403.911467465,-8.456117311997346,-9.491888421551632,0.22860400947189263,-69404273.25936262,-83098765.06104697,2849047.4172288016,26.63468695018458,-22.613736821308333,-1.8493454711641029
2074 Aug 07 01:52:42,2074 Aug 07 05:14:36,Penumbral,2074 Aug 07 03:33:37,107306587.09294122,-107212581.65548936,15825.664447569816,20.564142430897775,20.95264462021627,-0.0025754352679443486,107567303.5827751,-107482478.45488106,8608.943696245335,21.34631072511387,21.64939335208696,-0.09780477770239726,0.0,0.0,0.0,0.0,0.0,0.0,-638382704.8354244,483154486.52883667,12274068.889134519,-8.043114672648514,-9.81763436068647,0.2207181243312877,12792331.812997734,-108024996.99905087,-2235917.1351183495,34.54487359711897,3.9947543620505543,-1.9363489008635149
2075 Jan 02 09:34:18,2075 Jan 02 14:14:01,Penumbral,2075 Jan 02 11:54:11,-31099230.11588448,143774222.05322412,-23249.50258873461,-29.587505643306002,-6.40909311931349,0.0004403805262125555,-31177831.49276899,144169911.68717918,-30663.844399997175,-30.5402494559336,-6.617744717035698,0.08919259297703683,0.0,0.0,0.0,0.0,0.0,0.0,-727320389.8111542,348068200.4755266,14824910.504411548,-5.7965045826134425,-11.186465258369148,0.17614478166513192,-96693761.09488946,46636278.912931494,6222194.637081135,-15.365180656628326,-31.710806235191686,0.4459195157137511
2075 Jun 28 09:02:59,2075 Jun 28 13:53:37,Partial,2075 Jun 28 11:28:18,18241041.942590054,-150967783.38008526,24804.767290808006,29.077876722293162,3.459427052218552,0.00019951823874089105,18275322.11267196,-151323211.39584398,29467.83252343756,30.170419725885555,3.56346640746971,-0.1004454869931705,0.0,0.0,0.0,0.0,0.0,0.0,-793807985.9964895,168499385.1514753,17058300.514326796,-2.866949636250691,-12.182411912859438,0.11475261830049956,24400812.281209804,104987892.2613591,49927.37126434179,-34.228052788820804,7.7569687235552784,2.081127810550495
2075 Dec 22 07:55:45,2075 Dec 22 13:59:32,Total,2075 Dec 22 10:57:37,-1771032.9748036128,147144125.03253043,-24537.62002643354,-30.258649291595987,-0.47158120145308297,-0.0005360225944285076,-1766419.4904257099,147548153.74657795,-27914.60658895264,-31.231951082638055,-0.4412581440053203,0.08917417718679085,0.0,0.0,0.0,0.0,0.0,0.0,-814387406.5231848,-20815580.38506164,18305164.63922235,0.181732562596367,-12.46304245773131,0.04771046571504404,108497131.20584743,964159.0361662678,-6242240.515973891,-0.45701797502286906,34.86146100157798,0.5101138117958138
